"https://omc.co/5511993891773/7492/entidade/Priorconsultationrule1";"Article 36: Prior consultation 1 The controller shall consult the supervisory authority prior to processing where a data protection impact assessment under Article 35 indicates that the processing would result in a high risk in the absence of measures taken by the controller to mitigate the risk. 2 Where the supervisory authority is of the opinion that the intended processing referred to in paragraph 1 would infringe this Regulation, in particular where the controller has insufficiently identified or mitigated the risk, the supervisory authority shall, within period of up to eight weeks of receipt of the request for consultation, provide written advice to the controller and, where applicable to the processor, and may use any of its powers referred to in Article 58. That period may be extended by six weeks, taking into account the complexity of the intended processing. The supervisory authority shall inform the controller and, where applicable, the processor, of any such extension within one month of receipt of the request for consultation together with the reasons for the delay. Those periods may be suspended until the supervisory authority has obtained information it has requested for the purposes of the consultation. 3 When consulting the supervisory authority pursuant to paragraph 1, the controller shall provide the supervisory authority with: (a) where applicable, the respective responsibilities of the controller, joint controllers and processors involved in the processing, in particular for processing within a group of undertakings; (b) the purposes and means of the intended processing; (c) the measures and safeguards provided to protect the rights and freedoms of data subjects pursuant to this Regulation; (d) where applicable, the contact details of the data protection officer; (e) the data protection impact assessment provided for in Article 35; and (f) any other information requested by the supervisory authority. 4 Member States shall consult the supervisory authority during the preparation of a proposal for a legislative measure to be adopted by a national parliament, or of a regulatory measure based on such a legislative measure, which relates to processing. 5 Notwithstanding paragraph 1, Member State law may require controllers to consult with, and obtain prior authorisation from, the supervisory authority in relation to processing by a controller for the performance of a task carried out by the controller in the public interest, including processing in relation to social protection and public health."
"https://omc.co/5511993891773/7492/entidade/R23P1";"Article 23: Restrictions 1 Union or Member State law to which the data controller or processor is subject may restrict by way of a legislative measure the scope of the obligations and rights provided for in Articles 12 to 22 and Article 34, as well as Article 5 in so far as its provisions correspond to the rights and obligations provided for in Articles 12 to 22, when such a restriction respects the essence of the fundamental rights and freedoms and is a necessary and proportionate measure in a democratic society to safeguard: (a) national security; (b) defence; (c) public security; (d) the prevention, investigation, detection or prosecution of criminal offences or the execution of criminal penalties, including the safeguarding against and the prevention of threats to public security; (e) other important objectives of general public interest of the Union or of a Member State, in particular an important economic or financial interest of the Union or of a Member State, including monetary, budgetary and taxation a matters, public health and social security; (f) the protection of judicial independence and judicial proceedings; (g) the prevention, investigation, detection and prosecution of breaches of ethics for regulated professions; (h) a monitoring, inspection or regulatory function connected, even occasionally, to the exercise of official authority in the cases referred to in points (a) to (e) and (g); (i) the protection of the data subject or the rights and freedoms of others; (j) the enforcement of civil law claims. 2 In particular, any legislative measure referred to in paragraph 1 shall contain specific provisions at least, where relevant, as to: (a) the purposes of the processing or categories of processing; (b) the categories of personal data; (c) the scope of the restrictions introduced; (d) the safeguards to prevent abuse or unlawful access or transfer; (e) the specification of the controller or categories of controllers; (f) the storage periods and the applicable safeguards taking into account the nature, scope and purposes of the processing or categories of processing; (g) the risks to the rights and freedoms of data subjects; and (h) the right of data subjects to be informed about the restriction, unless that may be prejudicial to the purpose of the restriction."
"https://omc.co/5511993891773/7492/entidade/R23P2";"Article 23: Restrictions 1 Union or Member State law to which the data controller or processor is subject may restrict by way of a legislative measure the scope of the obligations and rights provided for in Articles 12 to 22 and Article 34, as well as Article 5 in so far as its provisions correspond to the rights and obligations provided for in Articles 12 to 22, when such a restriction respects the essence of the fundamental rights and freedoms and is a necessary and proportionate measure in a democratic society to safeguard: (a) national security; (b) defence; (c) public security; (d) the prevention, investigation, detection or prosecution of criminal offences or the execution of criminal penalties, including the safeguarding against and the prevention of threats to public security; (e) other important objectives of general public interest of the Union or of a Member State, in particular an important economic or financial interest of the Union or of a Member State, including monetary, budgetary and taxation a matters, public health and social security; (f) the protection of judicial independence and judicial proceedings; (g) the prevention, investigation, detection and prosecution of breaches of ethics for regulated professions; (h) a monitoring, inspection or regulatory function connected, even occasionally, to the exercise of official authority in the cases referred to in points (a) to (e) and (g); (i) the protection of the data subject or the rights and freedoms of others; (j) the enforcement of civil law claims. 2 In particular, any legislative measure referred to in paragraph 1 shall contain specific provisions at least, where relevant, as to: (a) the purposes of the processing or categories of processing; (b) the categories of personal data; (c) the scope of the restrictions introduced; (d) the safeguards to prevent abuse or unlawful access or transfer; (e) the specification of the controller or categories of controllers; (f) the storage periods and the applicable safeguards taking into account the nature, scope and purposes of the processing or categories of processing; (g) the risks to the rights and freedoms of data subjects; and (h) the right of data subjects to be informed about the restriction, unless that may be prejudicial to the purpose of the restriction."
"https://omc.co/5511993891773/7492/entidade/Rule11_1";"Article 11: Processing which does not require identification 1 If the purposes for which a controller processes personal data do not or do no longer require the identification of a data subject by the controller, the controller shall not be obliged to maintain, acquire or process additional information in order to identify the data subject for the sole purpose of complying with this Regulation. 2 Where, in cases referred to in paragraph 1 of this Article, the controller is able to demonstrate that it is not in a position to identify the data subject, the controller shall inform the data subject accordingly, if possible. In such cases, Articles 15 to 20 shall not apply except where the data subject, for the purpose of exercising his or her rights under those articles, provides additional information enabling his or her identification."
"https://omc.co/5511993891773/7492/entidade/Rule11_2";"Article 11: Processing which does not require identification 1 If the purposes for which a controller processes personal data do not or do no longer require the identification of a data subject by the controller, the controller shall not be obliged to maintain, acquire or process additional information in order to identify the data subject for the sole purpose of complying with this Regulation. 2 Where, in cases referred to in paragraph 1 of this Article, the controller is able to demonstrate that it is not in a position to identify the data subject, the controller shall inform the data subject accordingly, if possible. In such cases, Articles 15 to 20 shall not apply except where the data subject, for the purpose of exercising his or her rights under those articles, provides additional information enabling his or her identification."
"https://omc.co/5511993891773/7492/entidade/Rule17_1";"Article 17: Right to erasure (‘right to be forgotten’) 1 The data subject shall have the right to obtain from the controller the erasure of personal data concerning him or her without undue delay and the controller shall have the obligation to erase personal data without undue delay where one of the following grounds applies: (a) the personal data are no longer necessary in relation to the purposes for which they were collected or otherwise processed; (b) the data subject withdraws consent on which the processing is based according to point (a) of Article 6(1), or point (a) of Article 9(2), and where there is no other legal ground for the processing; (c) the data subject objects to the processing pursuant to Article 21(1) and there are no overriding legitimate grounds for the processing, or the data subject objects to the processing pursuant to Article 21(2); (d) the personal data have been unlawfully processed; (e) the personal data have to be erased for compliance with a legal obligation in Union or Member State law to which the controller is subject; (f) the personal data have been collected in relation to the offer of information society services referred to in Article 8(1). 2 Where the controller has made the personal data public and is obliged pursuant to paragraph 1 to erase the personal data, the controller, taking account of available technology and the cost of implementation, shall take reasonable steps, including technical measures, to inform controllers which are processing the personal data that the data subject has requested the erasure by such controllers of any links to, or copy or replication of, those personal data. 3 Paragraphs 1 and 2 shall not apply to the extent that processing is necessary: (a) for exercising the right of freedom of expression and information; (b) for compliance with a legal obligation which requires processing by Union or Member State law to which the controller is subject or for the performance of a task carried out in the public interest or in the exercise of official authority vested in the controller; (c) for reasons of public interest in the area of public health in accordance with points (h) and (i) of Article 9(2) as well as Article 9(3); (d) for archiving purposes in the public interest, scientific or historical research purposes or statistical purposes in accordance with Article 89(1) in so far as the right referred to in paragraph 1 is likely to render impossible or seriously impair the achievement of the objectives of that processing; or (e) for the establishment, exercise or defence of legal claims."
"https://omc.co/5511993891773/7492/entidade/Rule19Erasenotification";"Article 19: Notification obligation regarding rectification or erasure of personal data or restriction of processing The controller shall communicate any rectification or erasure of personal data or restriction of processing carried out in accordance with Article 16, Article 17(1) and Article 18 to each recipient to whom the personal data have been disclosed, unless this proves impossible or involves disproportionate effort. The controller shall inform the data subject about those recipients if the data subject requests it."
"https://omc.co/5511993891773/7492/entidade/Rule19Rectifynotification";"Article 19: Notification obligation regarding rectification or erasure of personal data or restriction of processing The controller shall communicate any rectification or erasure of personal data or restriction of processing carried out in accordance with Article 16, Article 17(1) and Article 18 to each recipient to whom the personal data have been disclosed, unless this proves impossible or involves disproportionate effort. The controller shall inform the data subject about those recipients if the data subject requests it."
"https://omc.co/5511993891773/7492/entidade/Rule19Restrictionnotification";"Article 19: Notification obligation regarding rectification or erasure of personal data or restriction of processing The controller shall communicate any rectification or erasure of personal data or restriction of processing carried out in accordance with Article 16, Article 17(1) and Article 18 to each recipient to whom the personal data have been disclosed, unless this proves impossible or involves disproportionate effort. The controller shall inform the data subject about those recipients if the data subject requests it."
"https://omc.co/5511993891773/7492/entidade/Rule48";"Article 48: Transfers or disclosures not authorised by Union law Any judgment of a court or tribunal and any decision of an administrative authority of a third country requiring a controller or processor to transfer or disclose personal data may only be recognised or enforceable in any manner if based on an international agreement, such as a mutual legal assistance treaty, in force between the requesting third country and the Union or a Member State, without prejudice to other grounds for transfer pursuant to this Chapter."
"https://omc.co/5511993891773/7492/entidade/Rule_32_1_Implementsecuritymeasures";"Article 32: Security of processing 1 Taking into account the state of the art, the costs of implementation and the nature, scope, context and purposes of processing as well as the risk of varying likelihood and severity for the rights and freedoms of natural persons, the controller and the processor shall implement appropriate technical and organisational measures to ensure a level of security appropriate to the risk, including inter alia as appropriate: (a) the pseudonymisation and encryption of personal data; (b) the ability to ensure the ongoing confidentiality, integrity, availability and resilience of processing systems and services; (c) the ability to restore the availability and access to personal data in a timely manner in the event of a physical or technical incident; (d) a process for regularly testing, assessing and evaluating the effectiveness of technical and organisational measures for ensuring the security of the processing. 2 In assessing the appropriate level of security account shall be taken in particular of the risks that are presented by processing, in particular from accidental or unlawful destruction, loss, alteration, unauthorised disclosure of, or access to personal data transmitted, stored or otherwise processed. 3 Adherence to an approved code of conduct as referred to in Article 40 or an approved certification mechanism as referred to in Article 42 may be used as an element by which to demonstrate compliance with the requirements set out in paragraph 1 of this Article. 4 The controller and processor shall take steps to ensure that any natural person acting under the authority of the controller or the processor who has access to personal data does not process them except on instructions from the controller, unless he or she is required to do so by Union or Member State law."
"https://omc.co/5511993891773/7492/entidade/Rule_32_2_Riskassessment";"Article 32: Security of processing 1 Taking into account the state of the art, the costs of implementation and the nature, scope, context and purposes of processing as well as the risk of varying likelihood and severity for the rights and freedoms of natural persons, the controller and the processor shall implement appropriate technical and organisational measures to ensure a level of security appropriate to the risk, including inter alia as appropriate: (a) the pseudonymisation and encryption of personal data; (b) the ability to ensure the ongoing confidentiality, integrity, availability and resilience of processing systems and services; (c) the ability to restore the availability and access to personal data in a timely manner in the event of a physical or technical incident; (d) a process for regularly testing, assessing and evaluating the effectiveness of technical and organisational measures for ensuring the security of the processing. 2 In assessing the appropriate level of security account shall be taken in particular of the risks that are presented by processing, in particular from accidental or unlawful destruction, loss, alteration, unauthorised disclosure of, or access to personal data transmitted, stored or otherwise processed. 3 Adherence to an approved code of conduct as referred to in Article 40 or an approved certification mechanism as referred to in Article 42 may be used as an element by which to demonstrate compliance with the requirements set out in paragraph 1 of this Article. 4 The controller and processor shall take steps to ensure that any natural person acting under the authority of the controller or the processor who has access to personal data does not process them except on instructions from the controller, unless he or she is required to do so by Union or Member State law."
"https://omc.co/5511993891773/7492/entidade/Rule_32_3_Usecodeorcertificationforcompliance";"Article 32: Security of processing 1 Taking into account the state of the art, the costs of implementation and the nature, scope, context and purposes of processing as well as the risk of varying likelihood and severity for the rights and freedoms of natural persons, the controller and the processor shall implement appropriate technical and organisational measures to ensure a level of security appropriate to the risk, including inter alia as appropriate: (a) the pseudonymisation and encryption of personal data; (b) the ability to ensure the ongoing confidentiality, integrity, availability and resilience of processing systems and services; (c) the ability to restore the availability and access to personal data in a timely manner in the event of a physical or technical incident; (d) a process for regularly testing, assessing and evaluating the effectiveness of technical and organisational measures for ensuring the security of the processing. 2 In assessing the appropriate level of security account shall be taken in particular of the risks that are presented by processing, in particular from accidental or unlawful destruction, loss, alteration, unauthorised disclosure of, or access to personal data transmitted, stored or otherwise processed. 3 Adherence to an approved code of conduct as referred to in Article 40 or an approved certification mechanism as referred to in Article 42 may be used as an element by which to demonstrate compliance with the requirements set out in paragraph 1 of this Article. 4 The controller and processor shall take steps to ensure that any natural person acting under the authority of the controller or the processor who has access to personal data does not process them except on instructions from the controller, unless he or she is required to do so by Union or Member State law."
"https://omc.co/5511993891773/7492/entidade/Rule_32_4_Limitpersonnelprocessing";"Article 32: Security of processing 1 Taking into account the state of the art, the costs of implementation and the nature, scope, context and purposes of processing as well as the risk of varying likelihood and severity for the rights and freedoms of natural persons, the controller and the processor shall implement appropriate technical and organisational measures to ensure a level of security appropriate to the risk, including inter alia as appropriate: (a) the pseudonymisation and encryption of personal data; (b) the ability to ensure the ongoing confidentiality, integrity, availability and resilience of processing systems and services; (c) the ability to restore the availability and access to personal data in a timely manner in the event of a physical or technical incident; (d) a process for regularly testing, assessing and evaluating the effectiveness of technical and organisational measures for ensuring the security of the processing. 2 In assessing the appropriate level of security account shall be taken in particular of the risks that are presented by processing, in particular from accidental or unlawful destruction, loss, alteration, unauthorised disclosure of, or access to personal data transmitted, stored or otherwise processed. 3 Adherence to an approved code of conduct as referred to in Article 40 or an approved certification mechanism as referred to in Article 42 may be used as an element by which to demonstrate compliance with the requirements set out in paragraph 1 of this Article. 4 The controller and processor shall take steps to ensure that any natural person acting under the authority of the controller or the processor who has access to personal data does not process them except on instructions from the controller, unless he or she is required to do so by Union or Member State law."
"https://omc.co/5511993891773/7492/entidade/Rule_37_Designate_Dpo";"Article 37: Designation of the data protection officer 1 The controller and the processor shall designate a data protection officer in any case where: (a) the processing is carried out by a public authority or body, except for courts acting in their judicial capacity; (b) the core activities of the controller or the processor consist of processing operations which, by virtue of their nature, their scope and/or their purposes, require regular and systematic monitoring of data subjects on a large scale; or (c) the core activities of the controller or the processor consist of processing on a large scale of special categories of data pursuant to Article 9 and personal data relating to criminal convictions and offences referred to in Article 10. 2 A group of undertakings may appoint a single data protection officer provided that a data protection officer is easily accessible from each establishment. 3 Where the controller or the processor is a public authority or body, a single data protection officer may be designated for several such authorities or bodies, taking account of their organisational structure and size. 4 In cases other than those referred to in paragraph 1, the controller or processor or associations and other bodies representing categories of controllers or processors may or, where required by Union or Member State law shall, designate a data protection officer. The data protection officer may act for such associations and other bodies representing controllers or processors. 5 The data protection officer shall be designated on the basis of professional qualities and, in particular, expert knowledge of data protection law and practices and the ability to fulfil the tasks referred to in Article 39. 6 The data protection officer may be a staff member of the controller or processor, or fulfil the tasks on the basis of a service contract. 7 The controller or the processor shall publish the contact details of the data protection officer and communicate them to the supervisory authority."
"https://omc.co/5511993891773/7492/entidade/Rule_37_Designation_Criteria";"Article 37: Designation of the data protection officer 1 The controller and the processor shall designate a data protection officer in any case where: (a) the processing is carried out by a public authority or body, except for courts acting in their judicial capacity; (b) the core activities of the controller or the processor consist of processing operations which, by virtue of their nature, their scope and/or their purposes, require regular and systematic monitoring of data subjects on a large scale; or (c) the core activities of the controller or the processor consist of processing on a large scale of special categories of data pursuant to Article 9 and personal data relating to criminal convictions and offences referred to in Article 10. 2 A group of undertakings may appoint a single data protection officer provided that a data protection officer is easily accessible from each establishment. 3 Where the controller or the processor is a public authority or body, a single data protection officer may be designated for several such authorities or bodies, taking account of their organisational structure and size. 4 In cases other than those referred to in paragraph 1, the controller or processor or associations and other bodies representing categories of controllers or processors may or, where required by Union or Member State law shall, designate a data protection officer. The data protection officer may act for such associations and other bodies representing controllers or processors. 5 The data protection officer shall be designated on the basis of professional qualities and, in particular, expert knowledge of data protection law and practices and the ability to fulfil the tasks referred to in Article 39. 6 The data protection officer may be a staff member of the controller or processor, or fulfil the tasks on the basis of a service contract. 7 The controller or the processor shall publish the contact details of the data protection officer and communicate them to the supervisory authority."
"https://omc.co/5511993891773/7492/entidade/Rule_37_General_Obligation";"Article 37: Designation of the data protection officer 1 The controller and the processor shall designate a data protection officer in any case where: (a) the processing is carried out by a public authority or body, except for courts acting in their judicial capacity; (b) the core activities of the controller or the processor consist of processing operations which, by virtue of their nature, their scope and/or their purposes, require regular and systematic monitoring of data subjects on a large scale; or (c) the core activities of the controller or the processor consist of processing on a large scale of special categories of data pursuant to Article 9 and personal data relating to criminal convictions and offences referred to in Article 10. 2 A group of undertakings may appoint a single data protection officer provided that a data protection officer is easily accessible from each establishment. 3 Where the controller or the processor is a public authority or body, a single data protection officer may be designated for several such authorities or bodies, taking account of their organisational structure and size. 4 In cases other than those referred to in paragraph 1, the controller or processor or associations and other bodies representing categories of controllers or processors may or, where required by Union or Member State law shall, designate a data protection officer. The data protection officer may act for such associations and other bodies representing controllers or processors. 5 The data protection officer shall be designated on the basis of professional qualities and, in particular, expert knowledge of data protection law and practices and the ability to fulfil the tasks referred to in Article 39. 6 The data protection officer may be a staff member of the controller or processor, or fulfil the tasks on the basis of a service contract. 7 The controller or the processor shall publish the contact details of the data protection officer and communicate them to the supervisory authority."
"https://omc.co/5511993891773/7492/entidade/Rule_37_General_Permission";"Article 37: Designation of the data protection officer 1 The controller and the processor shall designate a data protection officer in any case where: (a) the processing is carried out by a public authority or body, except for courts acting in their judicial capacity; (b) the core activities of the controller or the processor consist of processing operations which, by virtue of their nature, their scope and/or their purposes, require regular and systematic monitoring of data subjects on a large scale; or (c) the core activities of the controller or the processor consist of processing on a large scale of special categories of data pursuant to Article 9 and personal data relating to criminal convictions and offences referred to in Article 10. 2 A group of undertakings may appoint a single data protection officer provided that a data protection officer is easily accessible from each establishment. 3 Where the controller or the processor is a public authority or body, a single data protection officer may be designated for several such authorities or bodies, taking account of their organisational structure and size. 4 In cases other than those referred to in paragraph 1, the controller or processor or associations and other bodies representing categories of controllers or processors may or, where required by Union or Member State law shall, designate a data protection officer. The data protection officer may act for such associations and other bodies representing controllers or processors. 5 The data protection officer shall be designated on the basis of professional qualities and, in particular, expert knowledge of data protection law and practices and the ability to fulfil the tasks referred to in Article 39. 6 The data protection officer may be a staff member of the controller or processor, or fulfil the tasks on the basis of a service contract. 7 The controller or the processor shall publish the contact details of the data protection officer and communicate them to the supervisory authority."
"https://omc.co/5511993891773/7492/entidade/Rule_37_Group_Appoint_Dpo";"Article 37: Designation of the data protection officer 1 The controller and the processor shall designate a data protection officer in any case where: (a) the processing is carried out by a public authority or body, except for courts acting in their judicial capacity; (b) the core activities of the controller or the processor consist of processing operations which, by virtue of their nature, their scope and/or their purposes, require regular and systematic monitoring of data subjects on a large scale; or (c) the core activities of the controller or the processor consist of processing on a large scale of special categories of data pursuant to Article 9 and personal data relating to criminal convictions and offences referred to in Article 10. 2 A group of undertakings may appoint a single data protection officer provided that a data protection officer is easily accessible from each establishment. 3 Where the controller or the processor is a public authority or body, a single data protection officer may be designated for several such authorities or bodies, taking account of their organisational structure and size. 4 In cases other than those referred to in paragraph 1, the controller or processor or associations and other bodies representing categories of controllers or processors may or, where required by Union or Member State law shall, designate a data protection officer. The data protection officer may act for such associations and other bodies representing controllers or processors. 5 The data protection officer shall be designated on the basis of professional qualities and, in particular, expert knowledge of data protection law and practices and the ability to fulfil the tasks referred to in Article 39. 6 The data protection officer may be a staff member of the controller or processor, or fulfil the tasks on the basis of a service contract. 7 The controller or the processor shall publish the contact details of the data protection officer and communicate them to the supervisory authority."
"https://omc.co/5511993891773/7492/entidade/Rule_37_Public_Shared_Dpo";"Article 37: Designation of the data protection officer 1 The controller and the processor shall designate a data protection officer in any case where: (a) the processing is carried out by a public authority or body, except for courts acting in their judicial capacity; (b) the core activities of the controller or the processor consist of processing operations which, by virtue of their nature, their scope and/or their purposes, require regular and systematic monitoring of data subjects on a large scale; or (c) the core activities of the controller or the processor consist of processing on a large scale of special categories of data pursuant to Article 9 and personal data relating to criminal convictions and offences referred to in Article 10. 2 A group of undertakings may appoint a single data protection officer provided that a data protection officer is easily accessible from each establishment. 3 Where the controller or the processor is a public authority or body, a single data protection officer may be designated for several such authorities or bodies, taking account of their organisational structure and size. 4 In cases other than those referred to in paragraph 1, the controller or processor or associations and other bodies representing categories of controllers or processors may or, where required by Union or Member State law shall, designate a data protection officer. The data protection officer may act for such associations and other bodies representing controllers or processors. 5 The data protection officer shall be designated on the basis of professional qualities and, in particular, expert knowledge of data protection law and practices and the ability to fulfil the tasks referred to in Article 39. 6 The data protection officer may be a staff member of the controller or processor, or fulfil the tasks on the basis of a service contract. 7 The controller or the processor shall publish the contact details of the data protection officer and communicate them to the supervisory authority."
"https://omc.co/5511993891773/7492/entidade/Rule_37_Publish_Contact";"Article 37: Designation of the data protection officer 1 The controller and the processor shall designate a data protection officer in any case where: (a) the processing is carried out by a public authority or body, except for courts acting in their judicial capacity; (b) the core activities of the controller or the processor consist of processing operations which, by virtue of their nature, their scope and/or their purposes, require regular and systematic monitoring of data subjects on a large scale; or (c) the core activities of the controller or the processor consist of processing on a large scale of special categories of data pursuant to Article 9 and personal data relating to criminal convictions and offences referred to in Article 10. 2 A group of undertakings may appoint a single data protection officer provided that a data protection officer is easily accessible from each establishment. 3 Where the controller or the processor is a public authority or body, a single data protection officer may be designated for several such authorities or bodies, taking account of their organisational structure and size. 4 In cases other than those referred to in paragraph 1, the controller or processor or associations and other bodies representing categories of controllers or processors may or, where required by Union or Member State law shall, designate a data protection officer. The data protection officer may act for such associations and other bodies representing controllers or processors. 5 The data protection officer shall be designated on the basis of professional qualities and, in particular, expert knowledge of data protection law and practices and the ability to fulfil the tasks referred to in Article 39. 6 The data protection officer may be a staff member of the controller or processor, or fulfil the tasks on the basis of a service contract. 7 The controller or the processor shall publish the contact details of the data protection officer and communicate them to the supervisory authority."
"https://omc.co/5511993891773/7492/entidade/Rule_46_1";"Article 46: Transfers subject to appropriate safeguards 1 In the absence of a decision pursuant to Article 45(3), a controller or processor may transfer personal data to a third country or an international organisation only if the controller or processor has provided appropriate safeguards, and on condition that enforceable data subject rights and effective legal remedies for data subjects are available. 2 The appropriate safeguards referred to in paragraph 1 may be provided for, without requiring any specific authorisation from a supervisory authority, by: (a) a legally binding and enforceable instrument between public authorities or bodies; (b) binding corporate rules in accordance with Article 47; (c) standard data protection clauses adopted by the Commission in accordance with the examination procedure referred to in Article 93(2); (d) standard data protection clauses adopted by a supervisory authority and approved by the Commission pursuant to the examination procedure referred to in Article 93(2); (e) an approved code of conduct pursuant to Article 40 together with binding and enforceable commitments of the controller or processor in the third country to apply the appropriate safeguards, including as regards data subjects' rights; or (f) an approved certification mechanism pursuant to Article 42 together with binding and enforceable commitments of the controller or processor in the third country to apply the appropriate safeguards, including as regards data subjects' rights. 3 Subject to the authorisation from the competent supervisory authority, the appropriate safeguards referred to in paragraph 1 may also be provided for, in particular, by: (a) contractual clauses between the controller or processor and the controller, processor or the recipient of the personal data in the third country or international organisation; or (b) provisions to be inserted into administrative arrangements between public authorities or bodies which include enforceable and effective data subject rights. 4 The supervisory authority shall apply the consistency mechanism referred to in Article 63 in the cases referred to in paragraph 3 of this Article. 5 Authorisations by a Member State or supervisory authority on the basis of Article 26(2) of Directive 95/46/EC shall remain valid until amended, replaced or repealed, if necessary, by that supervisory authority. Decisions adopted by the Commission on the basis of Article 26(4) of Directive 95/46/EC shall remain in force until amended, replaced or repealed, if necessary, by a Commission Decision adopted in accordance with paragraph 2 of this Article."
"https://omc.co/5511993891773/7492/entidade/Rule_7_1";"Article 7: Conditions for consent 1 Where processing is based on consent, the controller shall be able to demonstrate that the data subject has consented to processing of his or her personal data. 2 If the data subject's consent is given in the context of a written declaration which also concerns other matters, the request for consent shall be presented in a manner which is clearly distinguishable from the other matters, in an intelligible and easily accessible form, using clear and plain language. Any part of such a declaration which constitutes an infringement of this Regulation shall not be binding. 3 The data subject shall have the right to withdraw his or her consent at any time. The withdrawal of consent shall not affect the lawfulness of processing based on consent before its withdrawal. Prior to giving consent, the data subject shall be informed thereof. It shall be as easy to withdraw as to give consent. 4 When assessing whether consent is freely given, utmost account shall be taken of whether, inter alia, the performance of a contract, including the provision of a service, is conditional on consent to the processing of personal data that is not necessary for the performance of that contract."
"https://omc.co/5511993891773/7492/entidade/Rule_7_2A";"Article 7: Conditions for consent 1 Where processing is based on consent, the controller shall be able to demonstrate that the data subject has consented to processing of his or her personal data. 2 If the data subject's consent is given in the context of a written declaration which also concerns other matters, the request for consent shall be presented in a manner which is clearly distinguishable from the other matters, in an intelligible and easily accessible form, using clear and plain language. Any part of such a declaration which constitutes an infringement of this Regulation shall not be binding. 3 The data subject shall have the right to withdraw his or her consent at any time. The withdrawal of consent shall not affect the lawfulness of processing based on consent before its withdrawal. Prior to giving consent, the data subject shall be informed thereof. It shall be as easy to withdraw as to give consent. 4 When assessing whether consent is freely given, utmost account shall be taken of whether, inter alia, the performance of a contract, including the provision of a service, is conditional on consent to the processing of personal data that is not necessary for the performance of that contract."
"https://omc.co/5511993891773/7492/entidade/Rule_7_2B";"Article 7: Conditions for consent 1 Where processing is based on consent, the controller shall be able to demonstrate that the data subject has consented to processing of his or her personal data. 2 If the data subject's consent is given in the context of a written declaration which also concerns other matters, the request for consent shall be presented in a manner which is clearly distinguishable from the other matters, in an intelligible and easily accessible form, using clear and plain language. Any part of such a declaration which constitutes an infringement of this Regulation shall not be binding. 3 The data subject shall have the right to withdraw his or her consent at any time. The withdrawal of consent shall not affect the lawfulness of processing based on consent before its withdrawal. Prior to giving consent, the data subject shall be informed thereof. It shall be as easy to withdraw as to give consent. 4 When assessing whether consent is freely given, utmost account shall be taken of whether, inter alia, the performance of a contract, including the provision of a service, is conditional on consent to the processing of personal data that is not necessary for the performance of that contract."
"https://omc.co/5511993891773/7492/entidade/Rule_7_2C";"Article 7: Conditions for consent 1 Where processing is based on consent, the controller shall be able to demonstrate that the data subject has consented to processing of his or her personal data. 2 If the data subject's consent is given in the context of a written declaration which also concerns other matters, the request for consent shall be presented in a manner which is clearly distinguishable from the other matters, in an intelligible and easily accessible form, using clear and plain language. Any part of such a declaration which constitutes an infringement of this Regulation shall not be binding. 3 The data subject shall have the right to withdraw his or her consent at any time. The withdrawal of consent shall not affect the lawfulness of processing based on consent before its withdrawal. Prior to giving consent, the data subject shall be informed thereof. It shall be as easy to withdraw as to give consent. 4 When assessing whether consent is freely given, utmost account shall be taken of whether, inter alia, the performance of a contract, including the provision of a service, is conditional on consent to the processing of personal data that is not necessary for the performance of that contract."
"https://omc.co/5511993891773/7492/entidade/Rule_7_3A";"Article 7: Conditions for consent 1 Where processing is based on consent, the controller shall be able to demonstrate that the data subject has consented to processing of his or her personal data. 2 If the data subject's consent is given in the context of a written declaration which also concerns other matters, the request for consent shall be presented in a manner which is clearly distinguishable from the other matters, in an intelligible and easily accessible form, using clear and plain language. Any part of such a declaration which constitutes an infringement of this Regulation shall not be binding. 3 The data subject shall have the right to withdraw his or her consent at any time. The withdrawal of consent shall not affect the lawfulness of processing based on consent before its withdrawal. Prior to giving consent, the data subject shall be informed thereof. It shall be as easy to withdraw as to give consent. 4 When assessing whether consent is freely given, utmost account shall be taken of whether, inter alia, the performance of a contract, including the provision of a service, is conditional on consent to the processing of personal data that is not necessary for the performance of that contract."
"https://omc.co/5511993891773/7492/entidade/Rule_7_3B";"Article 7: Conditions for consent 1 Where processing is based on consent, the controller shall be able to demonstrate that the data subject has consented to processing of his or her personal data. 2 If the data subject's consent is given in the context of a written declaration which also concerns other matters, the request for consent shall be presented in a manner which is clearly distinguishable from the other matters, in an intelligible and easily accessible form, using clear and plain language. Any part of such a declaration which constitutes an infringement of this Regulation shall not be binding. 3 The data subject shall have the right to withdraw his or her consent at any time. The withdrawal of consent shall not affect the lawfulness of processing based on consent before its withdrawal. Prior to giving consent, the data subject shall be informed thereof. It shall be as easy to withdraw as to give consent. 4 When assessing whether consent is freely given, utmost account shall be taken of whether, inter alia, the performance of a contract, including the provision of a service, is conditional on consent to the processing of personal data that is not necessary for the performance of that contract."
"https://omc.co/5511993891773/7492/entidade/Rule_7_3C";"Article 7: Conditions for consent 1 Where processing is based on consent, the controller shall be able to demonstrate that the data subject has consented to processing of his or her personal data. 2 If the data subject's consent is given in the context of a written declaration which also concerns other matters, the request for consent shall be presented in a manner which is clearly distinguishable from the other matters, in an intelligible and easily accessible form, using clear and plain language. Any part of such a declaration which constitutes an infringement of this Regulation shall not be binding. 3 The data subject shall have the right to withdraw his or her consent at any time. The withdrawal of consent shall not affect the lawfulness of processing based on consent before its withdrawal. Prior to giving consent, the data subject shall be informed thereof. It shall be as easy to withdraw as to give consent. 4 When assessing whether consent is freely given, utmost account shall be taken of whether, inter alia, the performance of a contract, including the provision of a service, is conditional on consent to the processing of personal data that is not necessary for the performance of that contract."
"https://omc.co/5511993891773/7492/entidade/Rule_7_4";"Article 7: Conditions for consent 1 Where processing is based on consent, the controller shall be able to demonstrate that the data subject has consented to processing of his or her personal data. 2 If the data subject's consent is given in the context of a written declaration which also concerns other matters, the request for consent shall be presented in a manner which is clearly distinguishable from the other matters, in an intelligible and easily accessible form, using clear and plain language. Any part of such a declaration which constitutes an infringement of this Regulation shall not be binding. 3 The data subject shall have the right to withdraw his or her consent at any time. The withdrawal of consent shall not affect the lawfulness of processing based on consent before its withdrawal. Prior to giving consent, the data subject shall be informed thereof. It shall be as easy to withdraw as to give consent. 4 When assessing whether consent is freely given, utmost account shall be taken of whether, inter alia, the performance of a contract, including the provision of a service, is conditional on consent to the processing of personal data that is not necessary for the performance of that contract."
"https://omc.co/5511993891773/7492/entidade/Rule_81_Contact";"Article 81: Suspension of proceedings 1 Where a competent court of a Member State has information on proceedings, concerning the same subject matter as regards processing by the same controller or processor, that are pending in a court in another Member State, it shall contact that court in the other Member State to confirm the existence of such proceedings. 2 Where proceedings concerning the same subject matter as regards processing of the same controller or processor are pending in a court in another Member State, any competent court other than the court first seized may suspend its proceedings. 3 Where those proceedings are pending at first instance, any court other than the court first seized may also, on the application of one of the parties, decline jurisdiction if the court first seized has jurisdiction over the actions in question and its law permits the consolidation thereof."
"https://omc.co/5511993891773/7492/entidade/Rule_81_Decline";"Article 81: Suspension of proceedings 1 Where a competent court of a Member State has information on proceedings, concerning the same subject matter as regards processing by the same controller or processor, that are pending in a court in another Member State, it shall contact that court in the other Member State to confirm the existence of such proceedings. 2 Where proceedings concerning the same subject matter as regards processing of the same controller or processor are pending in a court in another Member State, any competent court other than the court first seized may suspend its proceedings. 3 Where those proceedings are pending at first instance, any court other than the court first seized may also, on the application of one of the parties, decline jurisdiction if the court first seized has jurisdiction over the actions in question and its law permits the consolidation thereof."
"https://omc.co/5511993891773/7492/entidade/Rule_81_Suspend";"Article 81: Suspension of proceedings 1 Where a competent court of a Member State has information on proceedings, concerning the same subject matter as regards processing by the same controller or processor, that are pending in a court in another Member State, it shall contact that court in the other Member State to confirm the existence of such proceedings. 2 Where proceedings concerning the same subject matter as regards processing of the same controller or processor are pending in a court in another Member State, any competent court other than the court first seized may suspend its proceedings. 3 Where those proceedings are pending at first instance, any court other than the court first seized may also, on the application of one of the parties, decline jurisdiction if the court first seized has jurisdiction over the actions in question and its law permits the consolidation thereof."
"https://omc.co/5511993891773/7492/entidade/Rule_83_1";"Article 83: General conditions for imposing administrative fines 1 Each supervisory authority shall ensure that the imposition of administrative fines pursuant to this Article in respect of infringements of this Regulation referred to in paragraphs 4, 5 and 6 shall in each individual case be effective, proportionate and dissuasive. 2 Administrative fines shall, depending on the circumstances of each individual case, be imposed in addition to, or instead of, measures referred to in points (a) to (h) and (j) of Article 58(2). When deciding whether to impose an administrative fine and deciding on the amount of the administrative fine in each individual case due regard shall be given to the following: (a) the nature, gravity and duration of the infringement taking into account the nature scope or purpose of the processing concerned as well as the number of data subjects affected and the level of damage suffered by them; (b) the intentional or negligent character of the infringement; (c) any action taken by the controller or processor to mitigate the damage suffered by data subjects; (d) the degree of responsibility of the controller or processor taking into account technical and organisational measures implemented by them pursuant to Articles 25 and 32; (e) any relevant previous infringements by the controller or processor; (f) the degree of cooperation with the supervisory authority, in order to remedy the infringement and mitigate the possible adverse effects of the infringement; (g) the categories of personal data affected by the infringement; (h) the manner in which the infringement became known to the supervisory authority, in particular whether, and if so to what extent, the controller or processor notified the infringement; (i) where measures referred to in Article 58(2) have previously been ordered against the controller or processor concerned with regard to the same subject-matter, compliance with those measures; (j) adherence to approved codes of conduct pursuant to Article 40 or approved certification mechanisms pursuant to Article 42; and (k) any other aggravating or mitigating factor applicable to the circumstances of the case, such as financial benefits gained, or losses avoided, directly or indirectly, from the infringement. 3 If a controller or processor intentionally or negligently, for the same or linked processing operations, infringes several provisions of this Regulation, the total amount of the administrative fine shall not exceed the amount specified for the gravest infringement. 4 Infringements of the following provisions shall, in accordance with paragraph 2, be subject to administrative fines up to 10 000 000 EUR, or in the case of an undertaking, up to 2 % of the total worldwide annual turnover of the preceding financial year, whichever is higher: (a) the obligations of the controller and the processor pursuant to Articles 8, 11, 25 to 39 and 42 and 43; (b) the obligations of the certification body pursuant to Articles 42 and 43; (c) the obligations of the monitoring body pursuant to Article 41(4). 5 Infringements of the following provisions shall, in accordance with paragraph 2, be subject to administrative fines up to 20 000 000 EUR, or in the case of an undertaking, up to 4 % of the total worldwide annual turnover of the preceding financial year, whichever is higher: (a) the basic principles for processing, including conditions for consent, pursuant to Articles 5, 6, 7 and 9; (b) the data subjects' rights pursuant to Articles 12 to 22; (c) the transfers of personal data to a recipient in a third country or an international organisation pursuant to Articles 44 to 49; (d) any obligations pursuant to Member State law adopted under Chapter IX; (e) non-compliance with an order or a temporary or definitive limitation on processing or the suspension of data flows by the supervisory authority pursuant to Article 58(2) or failure to provide access in violation of Article 58(1). 6 Non-compliance with an order by the supervisory authority as referred to in Article 58(2) shall, in accordance with paragraph 2 of this Article, be subject to administrative fines up to 20 000 000 EUR, or in the case of an undertaking, up to 4 % of the total worldwide annual turnover of the preceding financial year, whichever is higher. 7 Without prejudice to the corrective powers of supervisory authorities pursuant to Article 58(2), each Member State may lay down the rules on whether and to what extent administrative fines may be imposed on public authorities and bodies established in that Member State. 8 The exercise by the supervisory authority of its powers under this Article shall be subject to appropriate procedural safeguards in accordance with Union and Member State law, including effective judicial remedy and due process. 9 Where the legal system of the Member State does not provide for administrative fines, this Article may be applied in such a manner that the fine is initiated by the competent supervisory authority and imposed by competent national courts, while ensuring that those legal remedies are effective and have an equivalent effect to the administrative fines imposed by supervisory authorities. In any event, the fines imposed shall be effective, proportionate and dissuasive. Those Member States shall notify to the Commission the provisions of their laws which they adopt pursuant to this paragraph by 25 May 2018 and, without delay, any subsequent amendment law or amendment affecting them."
"https://omc.co/5511993891773/7492/entidade/Rule_83_4";"Article 83: General conditions for imposing administrative fines 1 Each supervisory authority shall ensure that the imposition of administrative fines pursuant to this Article in respect of infringements of this Regulation referred to in paragraphs 4, 5 and 6 shall in each individual case be effective, proportionate and dissuasive. 2 Administrative fines shall, depending on the circumstances of each individual case, be imposed in addition to, or instead of, measures referred to in points (a) to (h) and (j) of Article 58(2). When deciding whether to impose an administrative fine and deciding on the amount of the administrative fine in each individual case due regard shall be given to the following: (a) the nature, gravity and duration of the infringement taking into account the nature scope or purpose of the processing concerned as well as the number of data subjects affected and the level of damage suffered by them; (b) the intentional or negligent character of the infringement; (c) any action taken by the controller or processor to mitigate the damage suffered by data subjects; (d) the degree of responsibility of the controller or processor taking into account technical and organisational measures implemented by them pursuant to Articles 25 and 32; (e) any relevant previous infringements by the controller or processor; (f) the degree of cooperation with the supervisory authority, in order to remedy the infringement and mitigate the possible adverse effects of the infringement; (g) the categories of personal data affected by the infringement; (h) the manner in which the infringement became known to the supervisory authority, in particular whether, and if so to what extent, the controller or processor notified the infringement; (i) where measures referred to in Article 58(2) have previously been ordered against the controller or processor concerned with regard to the same subject-matter, compliance with those measures; (j) adherence to approved codes of conduct pursuant to Article 40 or approved certification mechanisms pursuant to Article 42; and (k) any other aggravating or mitigating factor applicable to the circumstances of the case, such as financial benefits gained, or losses avoided, directly or indirectly, from the infringement. 3 If a controller or processor intentionally or negligently, for the same or linked processing operations, infringes several provisions of this Regulation, the total amount of the administrative fine shall not exceed the amount specified for the gravest infringement. 4 Infringements of the following provisions shall, in accordance with paragraph 2, be subject to administrative fines up to 10 000 000 EUR, or in the case of an undertaking, up to 2 % of the total worldwide annual turnover of the preceding financial year, whichever is higher: (a) the obligations of the controller and the processor pursuant to Articles 8, 11, 25 to 39 and 42 and 43; (b) the obligations of the certification body pursuant to Articles 42 and 43; (c) the obligations of the monitoring body pursuant to Article 41(4). 5 Infringements of the following provisions shall, in accordance with paragraph 2, be subject to administrative fines up to 20 000 000 EUR, or in the case of an undertaking, up to 4 % of the total worldwide annual turnover of the preceding financial year, whichever is higher: (a) the basic principles for processing, including conditions for consent, pursuant to Articles 5, 6, 7 and 9; (b) the data subjects' rights pursuant to Articles 12 to 22; (c) the transfers of personal data to a recipient in a third country or an international organisation pursuant to Articles 44 to 49; (d) any obligations pursuant to Member State law adopted under Chapter IX; (e) non-compliance with an order or a temporary or definitive limitation on processing or the suspension of data flows by the supervisory authority pursuant to Article 58(2) or failure to provide access in violation of Article 58(1). 6 Non-compliance with an order by the supervisory authority as referred to in Article 58(2) shall, in accordance with paragraph 2 of this Article, be subject to administrative fines up to 20 000 000 EUR, or in the case of an undertaking, up to 4 % of the total worldwide annual turnover of the preceding financial year, whichever is higher. 7 Without prejudice to the corrective powers of supervisory authorities pursuant to Article 58(2), each Member State may lay down the rules on whether and to what extent administrative fines may be imposed on public authorities and bodies established in that Member State. 8 The exercise by the supervisory authority of its powers under this Article shall be subject to appropriate procedural safeguards in accordance with Union and Member State law, including effective judicial remedy and due process. 9 Where the legal system of the Member State does not provide for administrative fines, this Article may be applied in such a manner that the fine is initiated by the competent supervisory authority and imposed by competent national courts, while ensuring that those legal remedies are effective and have an equivalent effect to the administrative fines imposed by supervisory authorities. In any event, the fines imposed shall be effective, proportionate and dissuasive. Those Member States shall notify to the Commission the provisions of their laws which they adopt pursuant to this paragraph by 25 May 2018 and, without delay, any subsequent amendment law or amendment affecting them."
"https://omc.co/5511993891773/7492/entidade/Rule_83_5";"Article 83: General conditions for imposing administrative fines 1 Each supervisory authority shall ensure that the imposition of administrative fines pursuant to this Article in respect of infringements of this Regulation referred to in paragraphs 4, 5 and 6 shall in each individual case be effective, proportionate and dissuasive. 2 Administrative fines shall, depending on the circumstances of each individual case, be imposed in addition to, or instead of, measures referred to in points (a) to (h) and (j) of Article 58(2). When deciding whether to impose an administrative fine and deciding on the amount of the administrative fine in each individual case due regard shall be given to the following: (a) the nature, gravity and duration of the infringement taking into account the nature scope or purpose of the processing concerned as well as the number of data subjects affected and the level of damage suffered by them; (b) the intentional or negligent character of the infringement; (c) any action taken by the controller or processor to mitigate the damage suffered by data subjects; (d) the degree of responsibility of the controller or processor taking into account technical and organisational measures implemented by them pursuant to Articles 25 and 32; (e) any relevant previous infringements by the controller or processor; (f) the degree of cooperation with the supervisory authority, in order to remedy the infringement and mitigate the possible adverse effects of the infringement; (g) the categories of personal data affected by the infringement; (h) the manner in which the infringement became known to the supervisory authority, in particular whether, and if so to what extent, the controller or processor notified the infringement; (i) where measures referred to in Article 58(2) have previously been ordered against the controller or processor concerned with regard to the same subject-matter, compliance with those measures; (j) adherence to approved codes of conduct pursuant to Article 40 or approved certification mechanisms pursuant to Article 42; and (k) any other aggravating or mitigating factor applicable to the circumstances of the case, such as financial benefits gained, or losses avoided, directly or indirectly, from the infringement. 3 If a controller or processor intentionally or negligently, for the same or linked processing operations, infringes several provisions of this Regulation, the total amount of the administrative fine shall not exceed the amount specified for the gravest infringement. 4 Infringements of the following provisions shall, in accordance with paragraph 2, be subject to administrative fines up to 10 000 000 EUR, or in the case of an undertaking, up to 2 % of the total worldwide annual turnover of the preceding financial year, whichever is higher: (a) the obligations of the controller and the processor pursuant to Articles 8, 11, 25 to 39 and 42 and 43; (b) the obligations of the certification body pursuant to Articles 42 and 43; (c) the obligations of the monitoring body pursuant to Article 41(4). 5 Infringements of the following provisions shall, in accordance with paragraph 2, be subject to administrative fines up to 20 000 000 EUR, or in the case of an undertaking, up to 4 % of the total worldwide annual turnover of the preceding financial year, whichever is higher: (a) the basic principles for processing, including conditions for consent, pursuant to Articles 5, 6, 7 and 9; (b) the data subjects' rights pursuant to Articles 12 to 22; (c) the transfers of personal data to a recipient in a third country or an international organisation pursuant to Articles 44 to 49; (d) any obligations pursuant to Member State law adopted under Chapter IX; (e) non-compliance with an order or a temporary or definitive limitation on processing or the suspension of data flows by the supervisory authority pursuant to Article 58(2) or failure to provide access in violation of Article 58(1). 6 Non-compliance with an order by the supervisory authority as referred to in Article 58(2) shall, in accordance with paragraph 2 of this Article, be subject to administrative fines up to 20 000 000 EUR, or in the case of an undertaking, up to 4 % of the total worldwide annual turnover of the preceding financial year, whichever is higher. 7 Without prejudice to the corrective powers of supervisory authorities pursuant to Article 58(2), each Member State may lay down the rules on whether and to what extent administrative fines may be imposed on public authorities and bodies established in that Member State. 8 The exercise by the supervisory authority of its powers under this Article shall be subject to appropriate procedural safeguards in accordance with Union and Member State law, including effective judicial remedy and due process. 9 Where the legal system of the Member State does not provide for administrative fines, this Article may be applied in such a manner that the fine is initiated by the competent supervisory authority and imposed by competent national courts, while ensuring that those legal remedies are effective and have an equivalent effect to the administrative fines imposed by supervisory authorities. In any event, the fines imposed shall be effective, proportionate and dissuasive. Those Member States shall notify to the Commission the provisions of their laws which they adopt pursuant to this paragraph by 25 May 2018 and, without delay, any subsequent amendment law or amendment affecting them."
"https://omc.co/5511993891773/7492/entidade/Rule_A22_1";"Article 22: Automated individual decision-making, including profiling 1 The data subject shall have the right not to be subject to a decision based solely on automated processing, including profiling, which produces legal effects concerning him or her or similarly significantly affects him or her. 2 Paragraph 1 shall not apply if the decision: (a) is necessary for entering into, or performance of, a contract between the data subject and a data controller; (b) is authorised by Union or Member State law to which the controller is subject and which also lays down suitable measures to safeguard the data subject's rights and freedoms and legitimate interests; or (c) is based on the data subject's explicit consent. 3 In the cases referred to in points (a) and (c) of paragraph 2, the data controller shall implement suitable measures to safeguard the data subject's rights and freedoms and legitimate interests, at least the right to obtain human intervention on the part of the controller, to express his or her point of view and to contest the decision. 4 Decisions referred to in paragraph 2 shall not be based on special categories of personal data referred to in Article 9(1), unless point (a) or (g) of Article 9(2) applies and suitable measures to safeguard the data subject's rights and freedoms and legitimate interests are in place."
"https://omc.co/5511993891773/7492/entidade/Rule_A22_2A";"Article 22: Automated individual decision-making, including profiling 1 The data subject shall have the right not to be subject to a decision based solely on automated processing, including profiling, which produces legal effects concerning him or her or similarly significantly affects him or her. 2 Paragraph 1 shall not apply if the decision: (a) is necessary for entering into, or performance of, a contract between the data subject and a data controller; (b) is authorised by Union or Member State law to which the controller is subject and which also lays down suitable measures to safeguard the data subject's rights and freedoms and legitimate interests; or (c) is based on the data subject's explicit consent. 3 In the cases referred to in points (a) and (c) of paragraph 2, the data controller shall implement suitable measures to safeguard the data subject's rights and freedoms and legitimate interests, at least the right to obtain human intervention on the part of the controller, to express his or her point of view and to contest the decision. 4 Decisions referred to in paragraph 2 shall not be based on special categories of personal data referred to in Article 9(1), unless point (a) or (g) of Article 9(2) applies and suitable measures to safeguard the data subject's rights and freedoms and legitimate interests are in place."
"https://omc.co/5511993891773/7492/entidade/Rule_A22_2B";"Article 22: Automated individual decision-making, including profiling 1 The data subject shall have the right not to be subject to a decision based solely on automated processing, including profiling, which produces legal effects concerning him or her or similarly significantly affects him or her. 2 Paragraph 1 shall not apply if the decision: (a) is necessary for entering into, or performance of, a contract between the data subject and a data controller; (b) is authorised by Union or Member State law to which the controller is subject and which also lays down suitable measures to safeguard the data subject's rights and freedoms and legitimate interests; or (c) is based on the data subject's explicit consent. 3 In the cases referred to in points (a) and (c) of paragraph 2, the data controller shall implement suitable measures to safeguard the data subject's rights and freedoms and legitimate interests, at least the right to obtain human intervention on the part of the controller, to express his or her point of view and to contest the decision. 4 Decisions referred to in paragraph 2 shall not be based on special categories of personal data referred to in Article 9(1), unless point (a) or (g) of Article 9(2) applies and suitable measures to safeguard the data subject's rights and freedoms and legitimate interests are in place."
"https://omc.co/5511993891773/7492/entidade/Rule_A22_2C";"Article 22: Automated individual decision-making, including profiling 1 The data subject shall have the right not to be subject to a decision based solely on automated processing, including profiling, which produces legal effects concerning him or her or similarly significantly affects him or her. 2 Paragraph 1 shall not apply if the decision: (a) is necessary for entering into, or performance of, a contract between the data subject and a data controller; (b) is authorised by Union or Member State law to which the controller is subject and which also lays down suitable measures to safeguard the data subject's rights and freedoms and legitimate interests; or (c) is based on the data subject's explicit consent. 3 In the cases referred to in points (a) and (c) of paragraph 2, the data controller shall implement suitable measures to safeguard the data subject's rights and freedoms and legitimate interests, at least the right to obtain human intervention on the part of the controller, to express his or her point of view and to contest the decision. 4 Decisions referred to in paragraph 2 shall not be based on special categories of personal data referred to in Article 9(1), unless point (a) or (g) of Article 9(2) applies and suitable measures to safeguard the data subject's rights and freedoms and legitimate interests are in place."
"https://omc.co/5511993891773/7492/entidade/Rule_A22_3";"Article 22: Automated individual decision-making, including profiling 1 The data subject shall have the right not to be subject to a decision based solely on automated processing, including profiling, which produces legal effects concerning him or her or similarly significantly affects him or her. 2 Paragraph 1 shall not apply if the decision: (a) is necessary for entering into, or performance of, a contract between the data subject and a data controller; (b) is authorised by Union or Member State law to which the controller is subject and which also lays down suitable measures to safeguard the data subject's rights and freedoms and legitimate interests; or (c) is based on the data subject's explicit consent. 3 In the cases referred to in points (a) and (c) of paragraph 2, the data controller shall implement suitable measures to safeguard the data subject's rights and freedoms and legitimate interests, at least the right to obtain human intervention on the part of the controller, to express his or her point of view and to contest the decision. 4 Decisions referred to in paragraph 2 shall not be based on special categories of personal data referred to in Article 9(1), unless point (a) or (g) of Article 9(2) applies and suitable measures to safeguard the data subject's rights and freedoms and legitimate interests are in place."
"https://omc.co/5511993891773/7492/entidade/Rule_A22_4";"Article 22: Automated individual decision-making, including profiling 1 The data subject shall have the right not to be subject to a decision based solely on automated processing, including profiling, which produces legal effects concerning him or her or similarly significantly affects him or her. 2 Paragraph 1 shall not apply if the decision: (a) is necessary for entering into, or performance of, a contract between the data subject and a data controller; (b) is authorised by Union or Member State law to which the controller is subject and which also lays down suitable measures to safeguard the data subject's rights and freedoms and legitimate interests; or (c) is based on the data subject's explicit consent. 3 In the cases referred to in points (a) and (c) of paragraph 2, the data controller shall implement suitable measures to safeguard the data subject's rights and freedoms and legitimate interests, at least the right to obtain human intervention on the part of the controller, to express his or her point of view and to contest the decision. 4 Decisions referred to in paragraph 2 shall not be based on special categories of personal data referred to in Article 9(1), unless point (a) or (g) of Article 9(2) applies and suitable measures to safeguard the data subject's rights and freedoms and legitimate interests are in place."
"https://omc.co/5511993891773/7492/entidade/Rule_Art24_1";"Article 24: Responsibility of the controller 1 Taking into account the nature, scope, context and purposes of processing as well as the risks of varying likelihood and severity for the rights and freedoms of natural persons, the controller shall implement appropriate technical and organisational measures to ensure and to be able to demonstrate that processing is performed in accordance with this Regulation. Those measures shall be reviewed and updated where necessary. 2 Where proportionate in relation to processing activities, the measures referred to in paragraph 1 shall include the implementation of appropriate data protection policies by the controller. 3 Adherence to approved codes of conduct as referred to in Article 40 or approved certification mechanisms as referred to in Article 42 may be used as an element by which to demonstrate compliance with the obligations of the controller."
"https://omc.co/5511993891773/7492/entidade/Rule_Art24_2";"Article 24: Responsibility of the controller 1 Taking into account the nature, scope, context and purposes of processing as well as the risks of varying likelihood and severity for the rights and freedoms of natural persons, the controller shall implement appropriate technical and organisational measures to ensure and to be able to demonstrate that processing is performed in accordance with this Regulation. Those measures shall be reviewed and updated where necessary. 2 Where proportionate in relation to processing activities, the measures referred to in paragraph 1 shall include the implementation of appropriate data protection policies by the controller. 3 Adherence to approved codes of conduct as referred to in Article 40 or approved certification mechanisms as referred to in Article 42 may be used as an element by which to demonstrate compliance with the obligations of the controller."
"https://omc.co/5511993891773/7492/entidade/Rule_Art24_3";"Article 24: Responsibility of the controller 1 Taking into account the nature, scope, context and purposes of processing as well as the risks of varying likelihood and severity for the rights and freedoms of natural persons, the controller shall implement appropriate technical and organisational measures to ensure and to be able to demonstrate that processing is performed in accordance with this Regulation. Those measures shall be reviewed and updated where necessary. 2 Where proportionate in relation to processing activities, the measures referred to in paragraph 1 shall include the implementation of appropriate data protection policies by the controller. 3 Adherence to approved codes of conduct as referred to in Article 40 or approved certification mechanisms as referred to in Article 42 may be used as an element by which to demonstrate compliance with the obligations of the controller."
"https://omc.co/5511993891773/7492/entidade/Rule_Article16_Rectification";"Article 16: Right to rectification The data subject shall have the right to obtain from the controller without undue delay the rectification of inaccurate personal data concerning him or her. Taking into account the purposes of the processing, the data subject shall have the right to have incomplete personal data completed, including by means of providing a supplementary statement."
"https://omc.co/5511993891773/7492/entidade/Rule_Article25_1";"Article 25: Data protection by design and by default 1 Taking into account the state of the art, the cost of implementation and the nature, scope, context and purposes of processing as well as the risks of varying likelihood and severity for rights and freedoms of natural persons posed by the processing, the controller shall, both at the time of the determination of the means for processing and at the time of the processing itself, implement appropriate technical and organisational measures, such as pseudonymisation, which are designed to implement data-protection principles, such as data minimisation, in an effective manner and to integrate the necessary safeguards into the processing in order to meet the requirements of this Regulation and protect the rights of data subjects. 2 The controller shall implement appropriate technical and organisational measures for ensuring that, by default, only personal data which are necessary for each specific purpose of the processing are processed. That obligation applies to the amount of personal data collected, the extent of their processing, the period of their storage and their accessibility. In particular, such measures shall ensure that by default personal data are not made accessible without the individual's intervention to an indefinite number of natural persons. 3 An approved certification mechanism pursuant to Article 42 may be used as an element to demonstrate compliance with the requirements set out in paragraphs 1 and 2 of this Article."
"https://omc.co/5511993891773/7492/entidade/Rule_Article25_2";"Article 25: Data protection by design and by default 1 Taking into account the state of the art, the cost of implementation and the nature, scope, context and purposes of processing as well as the risks of varying likelihood and severity for rights and freedoms of natural persons posed by the processing, the controller shall, both at the time of the determination of the means for processing and at the time of the processing itself, implement appropriate technical and organisational measures, such as pseudonymisation, which are designed to implement data-protection principles, such as data minimisation, in an effective manner and to integrate the necessary safeguards into the processing in order to meet the requirements of this Regulation and protect the rights of data subjects. 2 The controller shall implement appropriate technical and organisational measures for ensuring that, by default, only personal data which are necessary for each specific purpose of the processing are processed. That obligation applies to the amount of personal data collected, the extent of their processing, the period of their storage and their accessibility. In particular, such measures shall ensure that by default personal data are not made accessible without the individual's intervention to an indefinite number of natural persons. 3 An approved certification mechanism pursuant to Article 42 may be used as an element to demonstrate compliance with the requirements set out in paragraphs 1 and 2 of this Article."
"https://omc.co/5511993891773/7492/entidade/Rule_Article25_3";"Article 25: Data protection by design and by default 1 Taking into account the state of the art, the cost of implementation and the nature, scope, context and purposes of processing as well as the risks of varying likelihood and severity for rights and freedoms of natural persons posed by the processing, the controller shall, both at the time of the determination of the means for processing and at the time of the processing itself, implement appropriate technical and organisational measures, such as pseudonymisation, which are designed to implement data-protection principles, such as data minimisation, in an effective manner and to integrate the necessary safeguards into the processing in order to meet the requirements of this Regulation and protect the rights of data subjects. 2 The controller shall implement appropriate technical and organisational measures for ensuring that, by default, only personal data which are necessary for each specific purpose of the processing are processed. That obligation applies to the amount of personal data collected, the extent of their processing, the period of their storage and their accessibility. In particular, such measures shall ensure that by default personal data are not made accessible without the individual's intervention to an indefinite number of natural persons. 3 An approved certification mechanism pursuant to Article 42 may be used as an element to demonstrate compliance with the requirements set out in paragraphs 1 and 2 of this Article."
"https://omc.co/5511993891773/7492/entidade/Rule_Article27_1";"Article 27: Representatives of controllers or processors not established in the Union 1 Where Article 3(2) applies, the controller or the processor shall designate in writing a representative in the Union. 2 The obligation laid down in paragraph 1 of this Article shall not apply to: (a) processing which is occasional, does not include, on a large scale, processing of special categories of data as referred to in Article 9(1) or processing of personal data relating to criminal convictions and offences referred to in Article 10, and is unlikely to result in a risk to the rights and freedoms of natural persons, taking into account the nature, context, scope and purposes of the processing; or (b) a public authority or body. 3 The representative shall be established in one of the Member States where the data subjects, whose personal data are processed in relation to the offering of goods or services to them, or whose behaviour is monitored, are. 4 The representative shall be mandated by the controller or processor to be addressed in addition to or instead of the controller or the processor by, in particular, supervisory authorities and data subjects, on all issues related to processing, for the purposes of ensuring compliance with this Regulation. 5 The designation of a representative by the controller or processor shall be without prejudice to legal actions which could be initiated against the controller or the processor themselves."
"https://omc.co/5511993891773/7492/entidade/Rule_Article44";"Article 44: General principle for transfers Any transfer of personal data which are undergoing processing or are intended for processing after transfer to a third country or to an international organisation shall take place only if, subject to the other provisions of this Regulation, the conditions laid down in this Chapter are complied with by the controller and processor, including for onward transfers of personal data from the third country or an international organisation to another third country or to another international organisation. All provisions in this Chapter shall be applied in order to ensure that the level of protection of natural persons guaranteed by this Regulation is not undermined."
"https://omc.co/5511993891773/7492/entidade/Rule_R38_1";"Article 38: Position of the data protection officer 1 The controller and the processor shall ensure that the data protection officer is involved, properly and in a timely manner, in all issues which relate to the protection of personal data. 2 The controller and processor shall support the data protection officer in performing the tasks referred to in Article 39 by providing resources necessary to carry out those tasks and access to personal data and processing operations, and to maintain his or her expert knowledge. 3 The controller and processor shall ensure that the data protection officer does not receive any instructions regarding the exercise of those tasks. He or she shall not be dismissed or penalised by the controller or the processor for performing his tasks. The data protection officer shall directly report to the highest management level of the controller or the processor. 4 Data subjects may contact the data protection officer with regard to all issues related to processing of their personal data and to the exercise of their rights under this Regulation. 5 The data protection officer shall be bound by secrecy or confidentiality concerning the performance of his or her tasks, in accordance with Union or Member State law. 6 The data protection officer may fulfil other tasks and duties. The controller or processor shall ensure that any such tasks and duties do not result in a conflict of interests."
"https://omc.co/5511993891773/7492/entidade/Rule_R38_2";"Article 38: Position of the data protection officer 1 The controller and the processor shall ensure that the data protection officer is involved, properly and in a timely manner, in all issues which relate to the protection of personal data. 2 The controller and processor shall support the data protection officer in performing the tasks referred to in Article 39 by providing resources necessary to carry out those tasks and access to personal data and processing operations, and to maintain his or her expert knowledge. 3 The controller and processor shall ensure that the data protection officer does not receive any instructions regarding the exercise of those tasks. He or she shall not be dismissed or penalised by the controller or the processor for performing his tasks. The data protection officer shall directly report to the highest management level of the controller or the processor. 4 Data subjects may contact the data protection officer with regard to all issues related to processing of their personal data and to the exercise of their rights under this Regulation. 5 The data protection officer shall be bound by secrecy or confidentiality concerning the performance of his or her tasks, in accordance with Union or Member State law. 6 The data protection officer may fulfil other tasks and duties. The controller or processor shall ensure that any such tasks and duties do not result in a conflict of interests."
"https://omc.co/5511993891773/7492/entidade/Rule_R38_3A";"Article 38: Position of the data protection officer 1 The controller and the processor shall ensure that the data protection officer is involved, properly and in a timely manner, in all issues which relate to the protection of personal data. 2 The controller and processor shall support the data protection officer in performing the tasks referred to in Article 39 by providing resources necessary to carry out those tasks and access to personal data and processing operations, and to maintain his or her expert knowledge. 3 The controller and processor shall ensure that the data protection officer does not receive any instructions regarding the exercise of those tasks. He or she shall not be dismissed or penalised by the controller or the processor for performing his tasks. The data protection officer shall directly report to the highest management level of the controller or the processor. 4 Data subjects may contact the data protection officer with regard to all issues related to processing of their personal data and to the exercise of their rights under this Regulation. 5 The data protection officer shall be bound by secrecy or confidentiality concerning the performance of his or her tasks, in accordance with Union or Member State law. 6 The data protection officer may fulfil other tasks and duties. The controller or processor shall ensure that any such tasks and duties do not result in a conflict of interests."
"https://omc.co/5511993891773/7492/entidade/Rule_R38_3B";"Article 38: Position of the data protection officer 1 The controller and the processor shall ensure that the data protection officer is involved, properly and in a timely manner, in all issues which relate to the protection of personal data. 2 The controller and processor shall support the data protection officer in performing the tasks referred to in Article 39 by providing resources necessary to carry out those tasks and access to personal data and processing operations, and to maintain his or her expert knowledge. 3 The controller and processor shall ensure that the data protection officer does not receive any instructions regarding the exercise of those tasks. He or she shall not be dismissed or penalised by the controller or the processor for performing his tasks. The data protection officer shall directly report to the highest management level of the controller or the processor. 4 Data subjects may contact the data protection officer with regard to all issues related to processing of their personal data and to the exercise of their rights under this Regulation. 5 The data protection officer shall be bound by secrecy or confidentiality concerning the performance of his or her tasks, in accordance with Union or Member State law. 6 The data protection officer may fulfil other tasks and duties. The controller or processor shall ensure that any such tasks and duties do not result in a conflict of interests."
"https://omc.co/5511993891773/7492/entidade/Rule_R38_3C";"Article 38: Position of the data protection officer 1 The controller and the processor shall ensure that the data protection officer is involved, properly and in a timely manner, in all issues which relate to the protection of personal data. 2 The controller and processor shall support the data protection officer in performing the tasks referred to in Article 39 by providing resources necessary to carry out those tasks and access to personal data and processing operations, and to maintain his or her expert knowledge. 3 The controller and processor shall ensure that the data protection officer does not receive any instructions regarding the exercise of those tasks. He or she shall not be dismissed or penalised by the controller or the processor for performing his tasks. The data protection officer shall directly report to the highest management level of the controller or the processor. 4 Data subjects may contact the data protection officer with regard to all issues related to processing of their personal data and to the exercise of their rights under this Regulation. 5 The data protection officer shall be bound by secrecy or confidentiality concerning the performance of his or her tasks, in accordance with Union or Member State law. 6 The data protection officer may fulfil other tasks and duties. The controller or processor shall ensure that any such tasks and duties do not result in a conflict of interests."
"https://omc.co/5511993891773/7492/entidade/Rule_R38_4";"Article 38: Position of the data protection officer 1 The controller and the processor shall ensure that the data protection officer is involved, properly and in a timely manner, in all issues which relate to the protection of personal data. 2 The controller and processor shall support the data protection officer in performing the tasks referred to in Article 39 by providing resources necessary to carry out those tasks and access to personal data and processing operations, and to maintain his or her expert knowledge. 3 The controller and processor shall ensure that the data protection officer does not receive any instructions regarding the exercise of those tasks. He or she shall not be dismissed or penalised by the controller or the processor for performing his tasks. The data protection officer shall directly report to the highest management level of the controller or the processor. 4 Data subjects may contact the data protection officer with regard to all issues related to processing of their personal data and to the exercise of their rights under this Regulation. 5 The data protection officer shall be bound by secrecy or confidentiality concerning the performance of his or her tasks, in accordance with Union or Member State law. 6 The data protection officer may fulfil other tasks and duties. The controller or processor shall ensure that any such tasks and duties do not result in a conflict of interests."
"https://omc.co/5511993891773/7492/entidade/Rule_R38_5";"Article 38: Position of the data protection officer 1 The controller and the processor shall ensure that the data protection officer is involved, properly and in a timely manner, in all issues which relate to the protection of personal data. 2 The controller and processor shall support the data protection officer in performing the tasks referred to in Article 39 by providing resources necessary to carry out those tasks and access to personal data and processing operations, and to maintain his or her expert knowledge. 3 The controller and processor shall ensure that the data protection officer does not receive any instructions regarding the exercise of those tasks. He or she shall not be dismissed or penalised by the controller or the processor for performing his tasks. The data protection officer shall directly report to the highest management level of the controller or the processor. 4 Data subjects may contact the data protection officer with regard to all issues related to processing of their personal data and to the exercise of their rights under this Regulation. 5 The data protection officer shall be bound by secrecy or confidentiality concerning the performance of his or her tasks, in accordance with Union or Member State law. 6 The data protection officer may fulfil other tasks and duties. The controller or processor shall ensure that any such tasks and duties do not result in a conflict of interests."
"https://omc.co/5511993891773/7492/entidade/Rule_R38_6";"Article 38: Position of the data protection officer 1 The controller and the processor shall ensure that the data protection officer is involved, properly and in a timely manner, in all issues which relate to the protection of personal data. 2 The controller and processor shall support the data protection officer in performing the tasks referred to in Article 39 by providing resources necessary to carry out those tasks and access to personal data and processing operations, and to maintain his or her expert knowledge. 3 The controller and processor shall ensure that the data protection officer does not receive any instructions regarding the exercise of those tasks. He or she shall not be dismissed or penalised by the controller or the processor for performing his tasks. The data protection officer shall directly report to the highest management level of the controller or the processor. 4 Data subjects may contact the data protection officer with regard to all issues related to processing of their personal data and to the exercise of their rights under this Regulation. 5 The data protection officer shall be bound by secrecy or confidentiality concerning the performance of his or her tasks, in accordance with Union or Member State law. 6 The data protection officer may fulfil other tasks and duties. The controller or processor shall ensure that any such tasks and duties do not result in a conflict of interests."
"";"where the processing is based on point (f) of Article 6(1), the legitimate interests pursued by the controller or by a third party;"
