"id";"type";"question";"gold_answer";"llm_response";"complexity";"saf";"nli";"sim";"relevancy";"faithfulness";"model"
"13";"grafo";"What information must the controller provide to the data subject at the time when personal data are obtained, according to Article 13?";"The controller must provide the data subject with the identity and contact details of the controller and, where applicable, of the controller's representative; the contact details of the data protection officer, where applicable; the purposes of the processing for which the personal data are intended as well as the legal basis for the processing; where the processing is based on point (f) of Article 6(1), the legitimate interests pursued by the controller or by a third party; the recipients or categories of recipients of the personal data, if any; where applicable, the fact that the controller intends to transfer personal data to a third country or international organisation and the existence or absence of an adequacy decision by the Commission, or in the case of transfers referred to in Article 46 or 47, or the second subparagraph of Article 49(1), reference to the appropriate or suitable safeguards and the means by which to obtain a copy of them or where they have been made available. In addition, the controller must provide the data subject with the period for which the personal data will be stored, or if that is not possible, the criteria used to determine that period; the existence of the right to request from the controller access to and rectification or erasure of personal data or restriction of processing concerning the data subject or to object to processing as well as the right to data portability; where the processing is based on point (a) of Article 6(1) or point (a) of Article 9(2), the existence of the right to withdraw consent at any time, without affecting the lawfulness of processing based on consent before its withdrawal; the right to lodge a complaint with a supervisory authority; whether the provision of personal data is a statutory or contractual requirement, or a requirement necessary to enter into a contract, as well as whether the data subject is obliged to provide the personal data and of the possible consequences of failure to provide such data; the existence of automated decision-making, including profiling, referred to in Article 22(1) and (4) and, at least in those cases, meaningful information about the logic involved, as well as the significance and the envisaged consequences of such processing for the data subject.";"{'answer': 'At the time personal data are obtained, the controller must provide the data subject with: identity and contact details of the controller (and representative, if any); purposes and legal basis of processing; recipients of the data; storage period or criteria; rights to access, rectify, erase, restrict, object, and data portability; right to withdraw consent; right to lodge a complaint; existence of automated decision-making and its consequences; whether providing data is mandatory and consequences of non-provision; and details of international transfers if applicable (Article 13, points 1 and 2).', 'full_answer': ""According to Article 13, when personal data are collected directly from the data subject, the controller must provide a comprehensive set of information to ensure fair and transparent processing. This includes: (1) identity and contact details of the controller (and representative if applicable); (2) purposes and legal basis for processing; (3) recipients of the data; (4) storage period or criteria for determining it; (5) the data subject's rights (access, rectification, erasure, restriction, objection, data portability); (6) the right to withdraw consent; (7) the right to lodge a complaint with a supervisory authority; (8) information about automated decision-making and profiling, including the logic and consequences; (9) whether providing data is a statutory or contractual requirement and the consequences of not providing it; and (10) details of any international transfers of data, including safeguards. These requirements are set out in Article 13, points 1 and 2, and are mandatory unless the data subject already has the information."", 'key_snippet': 'Where personal data relating to a data subject are collected from the data subject, the controller shall, at the time when personal data are obtained, provide the data subject with all of the following information:', 'chunks': ['chapter III, article 13, point 1', 'chapter III, article 13, point 2'], 'percentage': ['50', '50']}";"0.89";"0.61";"0.97";"0.81";"0.00";"0.00";"qwen3.5:0.8b"
"1";"grafo";"What is the subject matter of Article 1 of the GDPR Regulation?";"Article 1 lays down rules relating to the protection of natural persons with regard to the processing of personal data and rules relating to the free movement of personal data.";"{'answer': ""Article 1 of the GDPR sets out the Regulation's subject matter: it lays down rules for the protection of natural persons regarding the processing of personal data, and rules for the free movement of such data within the Union. It also states that the Regulation protects fundamental rights and freedoms, especially the right to data protection, and that the free movement of personal data shall not be restricted for these reasons."", 'full_answer': 'According to the evidence, Article 1 of the GDPR addresses two core aspects: (1) the establishment of rules for the protection of natural persons in relation to the processing of personal data, and (2) the establishment of rules for the free movement of personal data within the European Union. It further clarifies that the Regulation is intended to protect fundamental rights and freedoms, particularly the right to the protection of personal data. Additionally, Article 1 states that the free movement of personal data shall not be restricted or prohibited on grounds related to the protection of natural persons with regard to processing. These points are explicitly stated in the first three points of Article 1, which form the foundational scope and purpose of the GDPR.', 'key_snippet': 'This Regulation lays down rules relating to the protection of natural persons with regard to the processing of personal data and rules relating to the free movement of personal data.', 'chunks': ['chapter I, article 1, point 1', 'chapter I, article 1, point 2', 'chapter I, article 1, point 3'], 'percentage': ['50', '30', '20']}";"0.54";"0.88";"0.56";"0.74";"0.00";"0.00";"qwen3.5:0.8b"
"2";"grafo";"What is the material scope of Article 2 of the GDPR Regulation?";"Article 2 of the GDPR Regulation applies to the processing of personal data wholly or partly by automated means and to the processing other than by automated means of personal data which form part of a filing system or are intended to form part of a filing system. It does not apply to the processing of personal data in the course of an activity which falls outside the scope of Union law, by the Member States when carrying out activities which fall within the scope of Chapter 2 of Title V of the TEU, by a natural person in the course of a purely personal or household activity, or by competent authorities for the purposes of the prevention, investigation, detection or prosecution of criminal offences or the execution of criminal penalties, including the safeguarding against and the prevention of threats to public security.";"{'answer': 'Article 2 of the GDPR defines its material scope by stating that the Regulation applies to the processing of personal data wholly or partly by automated means, and to non-automated processing if the data form part of a filing system or are intended to form part of one. It also lists specific exclusions, such as processing by a natural person in a purely personal or household context, or for certain public security and criminal law purposes.', 'full_answer': ""Article 2(1) establishes the general material scope of the GDPR: it applies to processing of personal data 'wholly or partly by automated means' and to processing 'other than by automated means of personal data which form part of a filing system or are intended to form part of a filing system.' This ensures broad coverage of both digital and structured manual records. However, Article 2(2) lists exclusions, such as processing by natural persons for purely personal or household activities, processing for certain public security and criminal law purposes, and processing by EU institutions under separate rules. These exclusions clarify the Regulation's boundaries and prevent overlap with other legal regimes."", 'key_snippet': 'This Regulation applies to the processing of personal data wholly or partly by automated means', 'chunks': ['chapter I, article 2, point 1', 'chapter I, article 2, point 2'], 'percentage': ['70', '30']}";"0.56";"0.73";"0.59";"0.71";"0.00";"0.00";"qwen3.5:0.8b"
"23";"grafo";"Under what circumstances can Union or Member State law restrict the scope of the obligations and rights provided for in Articles 12 to 22 and Article 34, as well as Article 5?";"Union or Member State law may restrict the scope of the obligations and rights provided for in Articles 12 to 22 and Article 34, as well as Article 5, when such a restriction respects the essence of the fundamental rights and freedoms and is a necessary and proportionate measure in a democratic society to safeguard national security, defence, public security, the prevention, investigation, detection or prosecution of criminal offences or the execution of criminal penalties, including the safeguarding against and the prevention of threats to public security, other important objectives of general public interest of the Union or of a Member State, in particular an important economic or financial interest of the Union or of a Member State, including monetary, budgetary and taxation a matters, public health and social security, the protection of judicial independence and judicial proceedings, the prevention, investigation, detection and prosecution of breaches of ethics for regulated professions, a monitoring, inspection or regulatory function connected, even occasionally, to the exercise of official authority in the cases referred to in points (a) to (e) and (g), the protection of the data subject or the rights and freedoms of others, or the enforcement of civil law claims.";"{'answer': 'Union or Member State law can restrict the scope of obligations and rights under Articles 12 to 22 and Article 5 under specific circumstances. These include compliance with a legal obligation to which the controller is subject, for the establishment, exercise, or defense of legal claims, or for the protection of the rights of another natural or legal person, or for reasons of important public interest of the Union or a Member State. Additionally, professional secrecy regulated by Union or Member State law, including statutory obligations, can restrict data processing.', 'full_answer': 'The scope of obligations and rights detailed in Articles 12 to 22 and Article 5 can be restricted by Union or Member State law under several conditions. These conditions are primarily for ensuring compliance with legal obligations that the data controller must adhere to, as stipulated in Union or Member State law. Furthermore, such restrictions are permissible for the purpose of establishing, exercising, or defending legal claims. They also serve to protect the rights and legitimate interests of other natural or legal persons, or when there is an important public interest of the Union or a Member State. Another significant restriction arises from obligations of professional secrecy, as regulated by Union or Member State law, including statutory duties of secrecy. These provisions allow for limitations on data processing when necessary to uphold these legal and professional requirements.', 'key_snippet': 'Union or Member State law', 'chunks': ['chapter III, article 17, point 1e', 'chapter III, article 18, point 2', 'chapter III, article 14, point 5d', 'chapter III, article 17, point 3b', 'chapter III, article 22, point 2b', 'chapter III, article 14, point 5c'], 'percentage': ['20', '20', '15', '15', '15', '15']}";"0.70";"0.94";"0.79";"0.76";"0.00";"0.00";"maritaca"
"23";"grafo";"Under what circumstances can Union or Member State law restrict the scope of the obligations and rights provided for in Articles 12 to 22 and Article 34, as well as Article 5?";"Union or Member State law may restrict the scope of the obligations and rights provided for in Articles 12 to 22 and Article 34, as well as Article 5, when such a restriction respects the essence of the fundamental rights and freedoms and is a necessary and proportionate measure in a democratic society to safeguard national security, defence, public security, the prevention, investigation, detection or prosecution of criminal offences or the execution of criminal penalties, including the safeguarding against and the prevention of threats to public security, other important objectives of general public interest of the Union or of a Member State, in particular an important economic or financial interest of the Union or of a Member State, including monetary, budgetary and taxation a matters, public health and social security, the protection of judicial independence and judicial proceedings, the prevention, investigation, detection and prosecution of breaches of ethics for regulated professions, a monitoring, inspection or regulatory function connected, even occasionally, to the exercise of official authority in the cases referred to in points (a) to (e) and (g), the protection of the data subject or the rights and freedoms of others, or the enforcement of civil law claims.";"{'answer': ""Union or Member State law may restrict the scope of obligations and rights provided for in Articles 12 to 22 and Article 34, as well as Article 5, when such processing is necessary for compliance with a legal obligation to which the controller is subject, or for the performance of a task carried out in the public interest or in the exercise of official authority. Additionally, such restrictions may apply if the personal data must remain confidential subject to an obligation of professional secrecy regulated by Union or Member State law, including a statutory obligation of secrecy. Article 22(2)(b) specifically allows for automated decision-making if authorised by Union or Member State law that also lays down suitable measures to safeguard the data subject's rights and freedoms."", 'full_answer': ""Union or Member State law can restrict the scope of obligations and rights outlined in Articles 12 to 22 and Article 34, as well as Article 5 of the GDPR under specific conditions. These conditions include situations where the processing of personal data is necessary for compliance with a legal obligation to which the controller is subject, or when the processing is performed in the public interest or in the exercise of official authority vested in the controller. Furthermore, restrictions are permissible if the personal data must be kept confidential due to professional secrecy obligations mandated by Union or Member State law, including statutory secrecy obligations. Article 22(2)(b) provides an exception for automated decision-making, allowing it if authorized by Union or Member State law, provided that suitable measures are in place to safeguard the data subject's rights, freedoms, and legitimate interests. Article 17(1)(e) and 17(3)(b) also cite compliance with legal obligations under Union or Member State law as grounds for data erasure or processing, respectively."", 'key_snippet': 'Union or Member State law may restrict the scope of obligations and rights provided for in Articles 12 to 22 and Article 34, as well as Article 5', 'chunks': ['https://omc.co/5511993891773/7492/Chapter_III/Article_17/Point_1e', 'https://omc.co/5511993891773/7492/Chapter_III/Article_17/Point_3b', 'https://omc.co/5511993891773/7492/Chapter_III/Article_14/Point_5d', 'https://omc.co/5511993891773/7492/Chapter_III/Article_22/Point_2b'], 'percentage': ['30', '30', '20', '20']}";"0.77";"0.93";"0.91";"0.72";"0.00";"0.00";"maritaca"
"23";"grafo";"Under what circumstances can Union or Member State law restrict the scope of the obligations and rights provided for in Articles 12 to 22 and Article 34, as well as Article 5?";"Union or Member State law may restrict the scope of the obligations and rights provided for in Articles 12 to 22 and Article 34, as well as Article 5, when such a restriction respects the essence of the fundamental rights and freedoms and is a necessary and proportionate measure in a democratic society to safeguard national security, defence, public security, the prevention, investigation, detection or prosecution of criminal offences or the execution of criminal penalties, including the safeguarding against and the prevention of threats to public security, other important objectives of general public interest of the Union or of a Member State, in particular an important economic or financial interest of the Union or of a Member State, including monetary, budgetary and taxation a matters, public health and social security, the protection of judicial independence and judicial proceedings, the prevention, investigation, detection and prosecution of breaches of ethics for regulated professions, a monitoring, inspection or regulatory function connected, even occasionally, to the exercise of official authority in the cases referred to in points (a) to (e) and (g), the protection of the data subject or the rights and freedoms of others, or the enforcement of civil law claims.";"{'answer': 'Union or Member State law can restrict the scope of obligations and rights provided for in Articles 12 to 22 and Article 34, as well as Article 5, when such restrictions are provided for by law and are necessary for compliance with a legal obligation to which the controller is subject, or for the performance of a task carried out in the public interest, or for the establishment, exercise or defence of legal claims.', 'full_answer': ""Union or Member State law can restrict the scope of obligations and rights provided for in Articles 12 to 22 and Article 34, as well as Article 5, under specific circumstances. These circumstances include situations where the restriction is provided for by Union or Member State law to which the controller is subject, and this law also lays down suitable measures to safeguard the data subject's rights and freedoms (<https://omc.co/5511993891773/7492/Chapter_III/Article_22/Point_2b>). Additionally, restrictions are permissible for compliance with a legal obligation in Union or Member State law (<https://omc.co/5511993891773/7492/Chapter_III/Article_17/Point_1e>, <https://omc.co/5511993891773/7492/Chapter_III/Article_17/Point_3b>), or for the performance of a task carried out in the public interest or in the exercise of official authority vested in the controller (<https://omc.co/5511993891773/7492/Chapter_III/Article_17/Point_3b>). Restrictions are also allowed for the establishment, exercise, or defence of legal claims (<https://omc.co/5511993891773/7492/Chapter_III/Article_18/Point_2>, <https://omc.co/5511993891773/7492/Chapter_III/Article_17/Point_3e>). Furthermore, Union or Member State law may require data to remain confidential subject to an obligation of professional secrecy (<https://omc.co/5511993891773/7492/Chapter_III/Article_14/Point_5d>)."", 'key_snippet': ""authorised by Union or Member State law to which the controller is subject and which also lays down suitable measures to safeguard the data subject's rights and freedoms and legitimate interests"", 'chunks': ['https://omc.co/5511993891773/7492/Chapter_III/Article_22/Point_2b', 'https://omc.co/5511993891773/7492/Chapter_III/Article_17/Point_1e', 'https://omc.co/5511993891773/7492/Chapter_III/Article_17/Point_3b', 'https://omc.co/5511993891773/7492/Chapter_III/Article_18/Point_2', 'https://omc.co/5511993891773/7492/Chapter_III/Article_17/Point_3e', 'https://omc.co/5511993891773/7492/Chapter_III/Article_14/Point_5d'], 'percentage': ['40', '15', '15', '10', '10', '10']}";"0.77";"0.86";"0.98";"0.72";"0.00";"0.00";"maritaca"
"23";"grafo";"Under what circumstances can Union or Member State law restrict the scope of the obligations and rights provided for in Articles 12 to 22 and Article 34, as well as Article 5?";"Union or Member State law may restrict the scope of the obligations and rights provided for in Articles 12 to 22 and Article 34, as well as Article 5, when such a restriction respects the essence of the fundamental rights and freedoms and is a necessary and proportionate measure in a democratic society to safeguard national security, defence, public security, the prevention, investigation, detection or prosecution of criminal offences or the execution of criminal penalties, including the safeguarding against and the prevention of threats to public security, other important objectives of general public interest of the Union or of a Member State, in particular an important economic or financial interest of the Union or of a Member State, including monetary, budgetary and taxation a matters, public health and social security, the protection of judicial independence and judicial proceedings, the prevention, investigation, detection and prosecution of breaches of ethics for regulated professions, a monitoring, inspection or regulatory function connected, even occasionally, to the exercise of official authority in the cases referred to in points (a) to (e) and (g), the protection of the data subject or the rights and freedoms of others, or the enforcement of civil law claims.";"{'answer': 'Union or Member State law can restrict the scope of obligations and rights provided for in Articles 12 to 22 and Article 5 under specific circumstances. These include compliance with a legal obligation to which the controller is subject, performance of a task carried out in the public interest or in the exercise of official authority, or when personal data must remain confidential subject to an obligation of professional secrecy regulated by Union or Member State law. Additionally, processing may be restricted for the establishment, exercise, or defence of legal claims, or for reasons of important public interest of the Union or a Member State. Access to data processing equipment may also be subject to Union or Member State procedural law.', 'full_answer': ""The scope of obligations and rights under Articles 12 to 22 and Article 5 can be restricted by Union or Member State law in several situations. Article 17(1)(e) and Article 17(3)(b) indicate that personal data erasure or processing is permissible for compliance with a legal obligation under Union or Member State law. Article 18(2) allows processing, with exceptions for storage, under consent, for legal claims, protection of rights, or for important public interest reasons of the Union or a Member State, when processing has been restricted. Article 14(5)(d) states that personal data must remain confidential subject to professional secrecy regulated by Union or Member State law. Article 22(2)(b) allows automated processing if authorized by Union or Member State law that also safeguards data subject rights. Article 58(1)(f) notes that access to data processing equipment is in accordance with Union or Member State procedural law. Article 14(5)(c) allows obtaining or disclosure of data if expressly laid down by Union or Member State law with appropriate measures to protect legitimate interests. Article 17(3)(e) permits processing for the establishment, exercise, or defence of legal claims. Article 21(1) allows controllers to continue processing personal data if there are compelling legitimate grounds that override the data subject's interests, rights, and freedoms, or for the establishment, exercise, or defence of legal claims. Article 13(2)(e) and 14(2)(c) mention the right to request restriction of processing. Article 58(4) states that the exercise of supervisory authority powers is subject to appropriate safeguards, including effective judicial remedy and due process, set out in Union and Member State law."", 'key_snippet': 'Union or Member State law to which the controller is subject', 'chunks': ['chapter III, article 17, point 1e', 'chapter III, article 17, point 3b', 'chapter III, article 18, point 2', 'chapter III, article 14, point 5d', 'chapter VI, article 58, point 1f', 'chapter III, article 22, point 2b', 'chapter III, article 14, point 5c', 'chapter III, article 17, point 3e', 'chapter III, article 21, point 1', 'chapter VI, article 58, point 4'], 'percentage': ['15', '15', '15', '10', '10', '10', '10', '5', '5', '5']}";"0.77";"0.93";"0.78";"0.71";"0.00";"0.00";"maritaca"
"23";"grafo";"Under what circumstances can Union or Member State law restrict the scope of the obligations and rights provided for in Articles 12 to 22 and Article 34, as well as Article 5?";"Union or Member State law may restrict the scope of the obligations and rights provided for in Articles 12 to 22 and Article 34, as well as Article 5, when such a restriction respects the essence of the fundamental rights and freedoms and is a necessary and proportionate measure in a democratic society to safeguard national security, defence, public security, the prevention, investigation, detection or prosecution of criminal offences or the execution of criminal penalties, including the safeguarding against and the prevention of threats to public security, other important objectives of general public interest of the Union or of a Member State, in particular an important economic or financial interest of the Union or of a Member State, including monetary, budgetary and taxation a matters, public health and social security, the protection of judicial independence and judicial proceedings, the prevention, investigation, detection and prosecution of breaches of ethics for regulated professions, a monitoring, inspection or regulatory function connected, even occasionally, to the exercise of official authority in the cases referred to in points (a) to (e) and (g), the protection of the data subject or the rights and freedoms of others, or the enforcement of civil law claims.";"{'answer': 'Union or Member State law can restrict the scope of obligations and rights provided for in Articles 12 to 22 and Article 34, as well as Article 5, when such restrictions are provided for by law and are necessary for specific purposes such as maintaining professional secrecy, protecting legitimate interests, or complying with other legal obligations. For example, Article 17(1)(e) and Article 17(3)(b) mention erasure for compliance with a legal obligation in Union or Member State law. Article 22(2)(b) allows automated decision-making if authorised by Union or Member State law with suitable safeguards. Article 14(5)(c) and (d) also refer to restrictions laid down by Union or Member State law for legitimate interests or professional secrecy.', 'full_answer': ""Union or Member State law can restrict the scope of obligations and rights provided for in Articles 12 to 22 and Article 34, as well as Article 5, under specific circumstances. These restrictions are typically enacted through legal provisions that are necessary for legitimate purposes. For instance, the right to erasure (Article 17) can be restricted for compliance with a legal obligation under Union or Member State law (Article 17(1)(e), Article 17(3)(b)). Similarly, automated decision-making (Article 22) may be authorised by Union or Member State law, provided suitable safeguards are in place (Article 22(2)(b)). Restrictions related to professional secrecy or the protection of legitimate interests are also permitted when expressly laid down by Union or Member State law (Article 14(5)(c), Article 14(5)(d)). Furthermore, supervisory authorities' powers may be subject to safeguards set out in Union and Member State law (Article 58(4), Article 58(1)(f))."", 'key_snippet': 'Union or Member State law can restrict the scope of obligations and rights provided for in Articles 12 to 22 and Article 34, as well as Article 5', 'chunks': ['https://omc.co/5511993891773/7492/Chapter_III/Article_17/Point_1e', 'https://omc.co/5511993891773/7492/Chapter_III/Article_17/Point_3b', 'https://omc.co/5511993891773/7492/Chapter_III/Article_22/Point_2b', 'https://omc.co/5511993891773/7492/Chapter_III/Article_14/Point_5d', 'https://omc.co/5511993891773/7492/Chapter_III/Article_14/Point_5c', 'https://omc.co/5511993891773/7492/Chapter_VI/Article_58/Point_4', 'https://omc.org/5511993891773/7492/Chapter_VI/Article_58/Point_1f'], 'percentage': ['20', '15', '15', '15', '15', '10', '10']}";"0.77";"0.79";"0.92";"0.78";"0.00";"0.00";"maritaca"
"23";"grafo";"Under what circumstances can Union or Member State law restrict the scope of the obligations and rights provided for in Articles 12 to 22 and Article 34, as well as Article 5?";"Union or Member State law may restrict the scope of the obligations and rights provided for in Articles 12 to 22 and Article 34, as well as Article 5, when such a restriction respects the essence of the fundamental rights and freedoms and is a necessary and proportionate measure in a democratic society to safeguard national security, defence, public security, the prevention, investigation, detection or prosecution of criminal offences or the execution of criminal penalties, including the safeguarding against and the prevention of threats to public security, other important objectives of general public interest of the Union or of a Member State, in particular an important economic or financial interest of the Union or of a Member State, including monetary, budgetary and taxation a matters, public health and social security, the protection of judicial independence and judicial proceedings, the prevention, investigation, detection and prosecution of breaches of ethics for regulated professions, a monitoring, inspection or regulatory function connected, even occasionally, to the exercise of official authority in the cases referred to in points (a) to (e) and (g), the protection of the data subject or the rights and freedoms of others, or the enforcement of civil law claims.";"{'answer': 'Union or Member State law **may** restrict obligations/rights in **Articles 12–22** and **Article 34** (e.g., erasure under **Article 17(1e)** or processing for legal claims under **Article 17(3e)**), but **must** comply with exceptions like consent, legal claims, or public interest in **Article 18(2)**. **Article 5** does not explicitly restrict rights but may be interpreted via **Article 17(3b)** for public interest tasks.', 'full_answer': ""The restriction of obligations/rights in **Articles 12–22** and **Article 34** under Union/Member State law is permitted under specific conditions grounded in **Article 17(1e)** and **Article 17(3b)**. These allow erasure for legal obligations or processing for public interest/exercise of official authority. **Article 18(2)** further limits processing to consent, legal claims, or protection of rights, excluding storage. **Article 5** does not directly restrict rights but may be read through **Article 17(3b)** for tasks like legal defense or public interest. **Article 14(5d)** also permits confidentiality obligations under law. **Article 22(2b)** authorizes restrictions if law requires safeguards for data subjects' rights."", 'key_snippet': '‘the personal data have to be erased for compliance with a legal obligation in Union or Member State law’ (Article 17(1e))', 'chunks': ['https://omc.co/5511993891773/7492/Chapter_III/Article_17/Point_1e', 'https://omc.co/5511993891773/7492/Chapter_III/Article_17/Point_3b', 'https://omc.co/5511993891773/7492/Chapter_III/Article_18/Point_2', 'https://omc.co/5511993891773/7492/Chapter_III/Article_14/Point_5d', 'https://omc.co/5511993891773/7492/Chapter_III/Article_22/Point_2b'], 'percentage': ['85', '15']}";"0.77";"0.54";"0.71";"0.66";"0.00";"0.00";"maritaca"
"23";"grafo";"Under what circumstances can Union or Member State law restrict the scope of the obligations and rights provided for in Articles 12 to 22 and Article 34, as well as Article 5?";"Union or Member State law may restrict the scope of the obligations and rights provided for in Articles 12 to 22 and Article 34, as well as Article 5, when such a restriction respects the essence of the fundamental rights and freedoms and is a necessary and proportionate measure in a democratic society to safeguard national security, defence, public security, the prevention, investigation, detection or prosecution of criminal offences or the execution of criminal penalties, including the safeguarding against and the prevention of threats to public security, other important objectives of general public interest of the Union or of a Member State, in particular an important economic or financial interest of the Union or of a Member State, including monetary, budgetary and taxation a matters, public health and social security, the protection of judicial independence and judicial proceedings, the prevention, investigation, detection and prosecution of breaches of ethics for regulated professions, a monitoring, inspection or regulatory function connected, even occasionally, to the exercise of official authority in the cases referred to in points (a) to (e) and (g), the protection of the data subject or the rights and freedoms of others, or the enforcement of civil law claims.";"{'answer': ""Union or Member State law can restrict the scope of obligations and rights provided for in Articles 12 to 22 and Article 34, as well as Article 5, under specific circumstances. These circumstances include compliance with a legal obligation to which the controller is subject (9.564, 4.796), or when processing is authorized by Union or Member State law that also lays down suitable measures to safeguard the data subject's rights and freedoms (8.236, 7.325). Additionally, restrictions may apply where personal data must remain confidential subject to professional secrecy regulated by Union or Member State law (9.564)."", 'full_answer': ""The scope of obligations and rights detailed in Articles 12 to 22, Article 34, and Article 5 can be restricted by Union or Member State law under certain conditions. Specifically, such restrictions are permissible when they are necessary for compliance with a legal obligation to which the controller is subject (9.564, 4.796). Furthermore, processing may be restricted if it is authorized by Union or Member State law, provided that such law includes appropriate measures to protect the data subject's rights, freedoms, and legitimate interests (8.236, 7.325). Another condition for restriction is when the personal data is subject to an obligation of professional secrecy, as regulated by Union or Member State law (9.564). These provisions highlight the interplay between data protection regulations and other legal frameworks within the Union or its Member States."", 'key_snippet': 'Union or Member State law to which the controller is subject', 'chunks': ['9.564', '4.796', '8.236', '7.325'], 'percentage': ['30', '30', '20', '20']}";"0.70";"0.44";"0.64";"0.74";"0.00";"0.00";"maritaca"
"23";"grafo";"Under what circumstances can Union or Member State law restrict the scope of the obligations and rights provided for in Articles 12 to 22 and Article 34, as well as Article 5?";"Union or Member State law may restrict the scope of the obligations and rights provided for in Articles 12 to 22 and Article 34, as well as Article 5, when such a restriction respects the essence of the fundamental rights and freedoms and is a necessary and proportionate measure in a democratic society to safeguard national security, defence, public security, the prevention, investigation, detection or prosecution of criminal offences or the execution of criminal penalties, including the safeguarding against and the prevention of threats to public security, other important objectives of general public interest of the Union or of a Member State, in particular an important economic or financial interest of the Union or of a Member State, including monetary, budgetary and taxation a matters, public health and social security, the protection of judicial independence and judicial proceedings, the prevention, investigation, detection and prosecution of breaches of ethics for regulated professions, a monitoring, inspection or regulatory function connected, even occasionally, to the exercise of official authority in the cases referred to in points (a) to (e) and (g), the protection of the data subject or the rights and freedoms of others, or the enforcement of civil law claims.";"{'answer': ""The scope of obligations and rights provided for in Articles 12 to 22 and Article 34, as well as Article 5, may be restricted under Union or Member State law under specific circumstances. These include compliance with a legal obligation to which the controller is subject, or for the establishment, exercise, or defence of legal claims. Additionally, processing may be restricted for the protection of the rights of another natural or legal person, or for reasons of important public interest of the Union or a Member State. Such restrictions must be laid down by Union or Member State law and provide appropriate measures to safeguard the data subject's legitimate interests. Furthermore, processing may be restricted where it must remain confidential subject to an obligation of professional secrecy regulated by Union or Member State law."", 'full_answer': ""The obligations and rights outlined in Articles 12 to 22, Article 34, and Article 5 can be subject to restrictions imposed by Union or Member State law. These restrictions are permissible under several conditions. Firstly, if the processing is necessary for compliance with a legal obligation that binds the controller, as stipulated by Union or Member State law (chunk ID: 9.477). Secondly, restrictions can apply for the establishment, exercise, or defence of legal claims (chunk ID: 10.137). Thirdly, such limitations are allowed for the protection of the rights and freedoms of other natural or legal persons, or for reasons of significant public interest within the Union or its Member States (chunk ID: 10.137). A key condition for these restrictions is that they must be explicitly provided for by Union or Member State law, which also needs to establish suitable measures to protect the data subject's legitimate interests (chunk ID: 8.236, 7.325). Another specific circumstance for restriction is when the personal data must be kept confidential due to a professional secrecy obligation regulated by Union or Member State law (chunk ID: 9.564). The principle of restriction of processing itself is detailed in Article 18, where it states that such data shall, except for storage, only be processed under specific conditions like consent, legal claims, or protection of rights, or for important public interest reasons (chunk ID: 10.137)."", 'key_snippet': ""such personal data shall, with the exception of storage, only be processed with the data subject's consent or for the establishment, exercise or defence of legal claims or for the protection of the rights of another natural or legal person or for reasons of important public interest of the Union or of a Member State."", 'chunks': ['10.137', '9.477', '8.236', '7.325', '9.564'], 'percentage': ['40', '20', '15', '15', '10']}";"0.70";"0.34";"0.94";"0.79";"0.00";"0.00";"maritaca"
