"id";"type";"question";"gold_answer";"llm_response";"complexity";"saf";"nli";"sim";"relevancy";"faithfulness";"model""1";"grafo2";"I was fired. Does the company have to delete my photo and fingerprint from the time clock and turnstile?";"Not automatically. Under Article 17 GDPR, personal data must be erased when no longer necessary, but employers may retain certain data to comply with legal obligations or defend against legal claims. Biometric data should be minimized and retention must be justified and proportionate.";"{'answer': 'I could not find sufficient evidence in the graph.', 'full_answer': ""I could not find sufficient evidence in the provided graph to determine if a company must delete a former employee's photo and fingerprint data from time clocks and turnstiles after termination of employment."", 'key_snippet': 'I could not find sufficient evidence in the graph.', 'chunks': [], 'percentage': []}";"0.79";"0.50";"0.45";"0.19";"0.00";"1.00";"gemma"
"1";"grafo2";"I was fired. Does the company have to delete my photo and fingerprint from the time clock and turnstile?";"Not automatically. Under Article 17 GDPR, personal data must be erased when no longer necessary, but employers may retain certain data to comply with legal obligations or defend against legal claims. Biometric data should be minimized and retention must be justified and proportionate.";"{'answer': 'The provided evidence establishes that data subjects have the right to request from the controller the erasure of personal data (Article 15, point 1e; Article 13, point 2b; Article 14, point 2c). Additionally, in the context of processing personal data by a processor, the processor shall, at the choice of the controller, delete or return all personal data after the end of the provision of services relating to processing, unless Union or Member State law requires storage (Article 28, point 3g). While Member States may provide specific rules for the termination of the employment relationship (Article 88, point 1), the general right to request erasure is explicitly recognized.', 'full_answer': ""Based on the provided text, there are several legal mechanisms regarding the deletion of data after employment termination. First, the data subject possesses the explicit right to request the erasure of their personal data from the controller, as cited in Article 15(1e), Article 13(2b), and Article 14(2c). This provides a direct legal basis for an ex-employee to demand the removal of their photo and fingerprint from company systems like time clocks and turnstiles. Second, Article 28(3g) mandates that when a processor is involved, they must delete or return all personal data to the controller after the service ends, and delete existing copies, unless storage is required by Union or Member State law. Furthermore, Article 88(1) allows Member States to implement more specific rules for the protection of rights and freedoms in the employment context, specifically including the 'purpose of the termination of the employment relationship'. Therefore, while the right to request erasure exists, the final obligation to delete may be subject to specific Member State laws or collective agreements that might require the storage of certain data for legal obligations."", 'key_snippet': 'the existence of the right to request from the controller rectification or erasure of personal data', 'chunks': ['chapter III, article 15, point 1e', 'chapter IV, article 28, point 3g', 'chapter IX, article 88, point 1'], 'percentage': ['50', '30', '20']}";"0.76";"0.97";"0.96";"0.56";"1.00";"1.00";"gemma"
"2";"grafo2";"Can I refuse to give my fingerprint to the company's time clock?";"Yes, in many cases. Biometric data is a special category under Article 9 GDPR and requires necessity and proportionality. If alternatives exist, you may object, especially given the imbalance in employment relationships.";"{'answer': ""The data subject has the right to withdraw consent at any time, provided the processing is based on consent (Article 7, point 3; Article 13, point 2c; Article 14, point 2d). Additionally, the controller must facilitate the exercise of data subject rights (Article 12, point 2). Therefore, if the use of the company's time clock for fingerprint data is based on consent, the individual may refuse or withdraw that consent, which shall not affect the lawfulness of processing performed before the withdrawal."", 'full_answer': ""Based on the provided text, the ability to refuse the provision of fingerprint data to a company time clock depends on the legal basis of the processing. According to Chapter II, Article 7, point 3, the data subject shall have the right to withdraw his or her consent at any time. This right is further reinforced in Chapter III, Article 13, point 2c and Article 14, point 2d, which state that where processing is based on consent (specifically point (a) of Article 6(1) or point (a) of Article 9(2)), the data subject must be informed of the existence of the right to withdraw consent at any time. Furthermore, Article 12, point 2 mandates that the controller shall facilitate the exercise of these data subject rights. While the text does not explicitly mention 'fingerprints' or 'time clocks', it establishes the general right of a data subject to withdraw consent for the processing of their personal data. The withdrawal of such consent does not retroactively affect the lawfulness of processing that occurred before the withdrawal took place."", 'key_snippet': 'The data subject shall have the right to withdraw his or her consent at any time.', 'chunks': ['chapter II, article 7, point 3', 'chapter III, article 12, point 2', 'chapter III, article 13, point 2c', 'chapter III, article 14, point 2d'], 'percentage': ['40', '20', '20', '20']}";"0.63";"1.00";"0.54";"0.32";"1.00";"1.00";"gemma"
"3";"grafo2";"Can the company use my badge photo in advertising campaigns without my permission?";"No. Using employee images for advertising requires explicit consent under Articles 6 and 7 GDPR. Legitimate interest is not sufficient for this purpose.";"{'answer': 'I could not find sufficient evidence in the graph to determine if a company can use a badge photo in advertising campaigns without permission. The provided text discusses consent requirements for written declarations (chapter II, article 7, point 2), processing for vital interests (chapter II, article 9, point 2c), and the use of identifiers of general application (chapter IX, article 87, point text_1), but it does not explicitly address the use of employee badge photos for advertising purposes.', 'full_answer': 'After analyzing the provided legal context, there is no specific rule or provision that addresses the legality of using a badge photo for advertising campaigns. While chapter II, article 7, point 2 mentions that requests for consent in written declarations must be clearly distinguishable and intelligible, and chapter IX, article 87, point text_1 discusses safeguards for identifiers of general application, neither of these sections explicitly grant or deny the right to use a personal photo for promotional materials without consent. Therefore, the provided evidence is insufficient to answer the question.', 'key_snippet': 'I could not find sufficient evidence in the graph.', 'chunks': [], 'percentage': []}";"0.84";"0.90";"0.55";"0.59";"0.80";"1.00";"gemma"
"4";"grafo2";"My employer installed a camera pointed directly at my desk. Is this allowed?";"Likely not. Monitoring must be necessary and proportionate under Article 5 GDPR. Continuous surveillance of an individual employee is typically excessive and intrusive.";"{'answer': ""The provided text does not explicitly state whether a camera pointed at a desk is allowed. However, it establishes that processing employees' personal data in the employment context may be subject to more specific rules provided by law or collective agreements to ensure the protection of rights and freedoms (chapter IX, article 88, point 1). Additionally, processing is considered necessary if it is for carrying out obligations or exercising specific rights in the field of employment and social security law, provided it is authorized by Union or Member State law or a collective agreement with appropriate safeguards for the data subject's fundamental rights and interests (chapter II, article 9, point 2b)."", 'full_answer': ""Based on the provided evidence, there is no direct rule explicitly permitting or prohibiting the installation of a camera pointed at an employee's desk. However, the legal framework provided governs the processing of personal data in the employment context. According to chapter IX, article 88, point 1, Member States may implement more specific rules via law or collective agreements to protect the rights and freedoms of employees regarding personal data processing, specifically for purposes such as the performance of the employment contract, management, organization of work, health and safety, and protection of employer's property. Furthermore, chapter II, article 9, point 2b specifies that processing is necessary when it is required for carrying out obligations or exercising specific rights in employment and social security law, provided such processing is authorized by Union or Member State law or a collective agreement that includes appropriate safeguards for the fundamental rights and interests of the data subject. Therefore, the legality of such surveillance would be determined by the specific laws of the Member State or the applicable collective agreements and the presence of necessary safeguards."", 'key_snippet': 'Member States may, by law or by collective agreements, provide for more specific rules to ensure the protection of the rights and freedoms', 'chunks': ['chapter IX, article 88, point 1', 'chapter II, article 9, point 2b'], 'percentage': ['60', '40']}";"0.70";"0.96";"0.55";"0.50";"1.00";"1.00";"gemma"
"5";"grafo2";"Can the company install a camera in the bathroom or locker room claiming security?";"No. This would violate fundamental privacy rights and fail GDPR proportionality and necessity requirements.";"{'answer': 'I could not find sufficient evidence in the graph to determine if a company can install cameras in bathrooms or locker rooms for security purposes. The provided text mentions security measures in general terms, such as technical and organisational security measures (Article 32) and the processing of data for employment obligations (Article 9), but it does not explicitly address the legality of surveillance in private areas like bathrooms or locker rooms.', 'full_answer': ""After a thorough review of the provided legal fragments, there is no specific rule or provision that addresses the installation of surveillance cameras in bathrooms, locker rooms, or private changing areas. While the text mentions 'technical and organisational security measures' in Article 32 and the possibility of processing data for employment and social security purposes in Article 9 (provided it is authorized by Union or Member State law or collective agreements), it does not provide a specific prohibition or permission regarding the physical location of cameras in private spaces. Therefore, based strictly on the provided evidence, it is impossible to conclude whether such an action is permitted or forbidden."", 'key_snippet': 'I could not find sufficient evidence in the graph.', 'chunks': [], 'percentage': []}";"0.93";"0.95";"0.56";"0.34";"1.00";"1.00";"gemma"
"6";"grafo2";"Can I demand that the gym delete my fingerprint after I cancel my membership?";"Yes. Under Article 17 GDPR, you have the right to erasure when data is no longer necessary. Biometric data must be handled with strict limitations.";"{'answer': 'The data subject has the right to obtain from the controller the erasure of personal data concerning him or her without undue delay (chapter III, article 17, point 1). This includes the right to request the erasure of personal data, as specified in chapter III, article 13, point 2b; chapter III, article 14, point 2c; and chapter III, article 15, point 1e. Furthermore, the controller shall facilitate the exercise of these rights (chapter III, article 12, point 2). In the context of service provision, the controller deletes or returns all personal data after the end of the provision of services relating to processing, unless Union or Member State law requires storage (chapter IV, article 28, point 3g).', 'full_answer': 'Based on the provided evidence, a member (data subject) can demand the erasure of their personal data, such as fingerprint/biometric data, from the gym (controller). According to chapter III, article 17, point 1, the data subject shall have the right to obtain the erasure of personal data without undue delay. This right is further reinforced by articles 13(2b), 14(2c), and 15(1e), which explicitly mention the right to request the erasure of personal data. To ensure this is possible, chapter III, article 12, point 2 mandates that the controller shall facilitate the exercise of these rights. Additionally, regarding the termination of services, chapter IV, article 28, point 3g stipulates that at the choice of the controller, the processor deletes or returns all personal data to the controller after the end of the provision of services relating to processing, and deletes existing copies, unless storage is required by Union or Member State law. While chapter II, article 9, point 1 generally prohibits the processing of biometric data for uniquely identifying a natural person, the right to erasure remains a fundamental mechanism for the data subject to request the removal of such data upon the conclusion of their relationship with the controller.', 'key_snippet': 'The data subject shall have the right to obtain from the controller the erasure of personal data', 'chunks': ['chapter III, article 17, point 1', 'chapter III, article 12, point 2', 'chapter IV, article 28, point 3g'], 'percentage': ['50', '20', '30']}";"0.72";"1.00";"0.55";"0.42";"1.00";"1.00";"gemma"
"7";"grafo2";"Can the condominium require residents to register their face to enter?";"Facial recognition is biometric data under Article 9 GDPR and requires strong justification or explicit consent. Alternatives should be considered.";"{'answer': ""The provided evidence does not explicitly state whether a condominium can require residents to register their face for entry. However, it defines 'biometric data' as personal data resulting from technical processing of physical, physiological or behavioural characteristics, specifically citing 'facial images' (chapter I, article 4, point 14). Furthermore, the controller must implement technical and organisational measures to ensure that, by default, only personal data which are necessary for each specific purpose of the processing are processed (chapter IV, article 25, point 2)."", 'full_answer': ""Based on the provided text, there is no specific rule that explicitly permits or prohibits a condominium from requiring facial registration for entry. However, the legal framework provided establishes two critical points: first, facial images are explicitly classified as 'biometric data' under chapter I, article 4, point 14, which are used to allow or confirm the unique identification of a natural person. Second, according to chapter IV, article 25, point 2, any controller (which would include a condominium administration) is obligated to implement 'data protection by default'. This means they must ensure that only the personal data strictly necessary for the specific purpose of the processing (in this case, access control and security) are collected. Therefore, while the graph does not provide a direct 'yes' or 'no' regarding the requirement, it mandates that such collection must be limited to what is necessary for the purpose."", 'key_snippet': '‘biometric data’ means personal data... such as facial images', 'chunks': ['chapter I, article 4, point 14', 'chapter IV, article 25, point 2'], 'percentage': ['50', '50']}";"0.80";"0.88";"0.53";"0.39";"1.00";"1.00";"gemma"
"8";"grafo2";"Am I required to provide biometrics to enter a hospital or clinic?";"Not necessarily. Hospitals must justify necessity under Article 9(2)(h), and less intrusive methods should be considered.";"{'answer': 'I could not find sufficient evidence in the graph to determine if you are required to provide biometrics specifically to enter a hospital or clinic. The provided text states that the processing of biometric data for the purpose of uniquely identifying a natural person shall be prohibited (chapter II, article 9, point 1), although Member States may maintain or introduce further conditions, including limitations, regarding the processing of biometric data or data concerning health (chapter II, article 9, point 4).', 'full_answer': 'The provided legal context does not explicitly address the requirement to provide biometric data for entry into hospitals or clinics. However, it establishes a general prohibition on the processing of biometric data for the purpose of uniquely identifying a natural person under chapter II, article 9, point 1. There is a qualifying provision in chapter II, article 9, point 4, which allows Member States to maintain or introduce further conditions or limitations regarding the processing of biometric data or data concerning health. Additionally, chapter III, article 13, point 2e mentions that data subjects should be informed whether the provision of personal data is a statutory or contractual requirement, or a requirement necessary to enter into a contract, and the consequences of failure to provide such data, but it does not specify if this applies to hospital entry biometrics.', 'key_snippet': 'Processing of... biometric data for the purpose of uniquely identifying a natural person... shall be prohibited.', 'chunks': ['chapter II, article 9, point 1', 'chapter II, article 9, point 4'], 'percentage': ['60', '40']}";"0.91";"0.97";"0.55";"0.50";"1.00";"1.00";"gemma"
"9";"grafo2";"Can the company share my pre-employment medical exam with my direct manager?";"No. Health data is sensitive under Article 9 GDPR and must be restricted to authorized personnel.";"{'answer': 'I could not find sufficient evidence in the graph to determine if a company can share a pre-employment medical exam specifically with a direct manager. While processing is permitted if necessary for preventive or occupational medicine or the assessment of working capacity (Article 9, point 2h), or for obligations in employment and social security law (Article 9, point 2b), the provided text does not explicitly address the permissibility of sharing this specific data with a direct manager.', 'full_answer': ""The provided evidence outlines general conditions for processing special categories of data in the employment context but does not provide a specific rule regarding the disclosure of pre-employment medical exams to direct managers. Article 9(2)(h) allows processing that is necessary for preventive or occupational medicine and the assessment of the working capacity of the employee, subject to specific conditions and safeguards. Additionally, Article 9(2)(b) allows processing necessary for carrying out obligations in the field of employment and social security law, provided it is authorized by Union or Member State law or a collective agreement. Article 88(1) further notes that Member States may provide more specific rules for processing employees' personal data for recruitment and health and safety at work. However, there is no explicit mention of whether a direct manager is an authorized recipient of such medical data."", 'key_snippet': 'processing is necessary for the purposes of preventive or occupational medicine, for the assessment of the working capacity of the employee', 'chunks': ['chapter II, article 9, point 2h', 'chapter II, article 9, point 2b', 'chapter IX, article 88, point 1'], 'percentage': ['40', '30', '30']}";"0.66";"0.94";"0.56";"0.35";"1.00";"1.00";"gemma"
"10";"grafo2";"Can I be fired for refusing to provide biometric data for a new company system?";"GDPR does not regulate dismissal directly, but refusal may be justified if biometric processing is not necessary or lawful.";"{'answer': 'The processing of biometric data for the purpose of uniquely identifying a natural person is prohibited under Article 9, point 1. However, processing may be permitted if it is necessary for carrying out obligations and exercising specific rights in the field of employment law, provided it is authorized by Union or Member State law or a collective agreement with appropriate safeguards (Article 9, point 2b). Additionally, Member States may introduce further conditions or limitations regarding biometric data (Article 9, point 4). Regarding termination, Member States may provide more specific rules for the protection of rights and freedoms in the employment context, including for the purpose of the termination of the employment relationship (Article 88, point 1).', 'full_answer': ""Under the provided text, the general rule is that the processing of biometric data for the purpose of uniquely identifying a natural person is prohibited (Article 9, point 1). There is a specific exception for the employment context: processing is allowed if it is necessary for the purposes of carrying out obligations and exercising specific rights of the controller or the data subject in the field of employment and social security and social protection law, provided that such processing is authorized by Union or Member State law or a collective agreement that provides appropriate safeguards for the fundamental rights and interests of the data subject (Article 9, point 2b). Furthermore, Member States have the authority to maintain or introduce further conditions or limitations specifically regarding the processing of biometric data (Article 9, point 4). In terms of employment termination, Article 88, point 1 specifies that Member States may, through law or collective agreements, establish more specific rules to ensure the protection of rights and freedoms regarding the processing of employees' personal data, explicitly including the purpose of the termination of the employment relationship. Therefore, whether a refusal to provide biometric data can lead to termination depends on the specific laws or collective agreements of the Member State and whether the processing is legally authorized under the mentioned safeguards."", 'key_snippet': 'Processing of... biometric data for the purpose of uniquely identifying a natural person... shall be prohibited.', 'chunks': ['chapter II, article 9, point 1', 'chapter II, article 9, point 2b', 'chapter II, article 9, point 4', 'chapter IX, article 88, point 1'], 'percentage': ['40', '30', '15', '15']}";"0.93";"0.97";"0.60";"0.48";"1.00";"1.00";"gemma"
"11";"grafo2";"Can the supermarket film me while I'm shopping?";"Yes, under legitimate interest, but must be proportionate, transparent, and limited to necessary purposes.";"{'answer': 'I could not find sufficient evidence in the graph to determine if a supermarket can film a customer. While the provided text mentions that the Regulation applies to the processing of personal data by automated means (chapter I, article 2, point 1) and requires that data be processed to ensure appropriate security (chapter II, article 5, point 1f), there is no explicit rule stating whether filming customers in a retail environment is permitted or prohibited, nor are there specific conditions for video surveillance in supermarkets.', 'full_answer': ""The provided legal context does not contain a specific rule or provision that explicitly permits or prohibits a supermarket from filming customers. The evidence focuses on general data protection principles. Specifically, chapter I, article 2, point 1 establishes that the Regulation applies to the processing of personal data by automated means. Chapter II, article 5, point 1f mandates that personal data be processed in a manner that ensures appropriate security, including protection against unauthorized or unlawful processing. Furthermore, chapter III, articles 13 and 14 (point 1c) mention the necessity of stating the purposes of processing and the legal basis for such processing. However, there is no mention of 'video surveillance', 'cameras', or 'retail stores' as specific contexts for these rules. Therefore, based strictly on the provided evidence, it is impossible to conclude whether filming is allowed."", 'key_snippet': 'This Regulation applies to the processing of personal data wholly or partly by automated means', 'chunks': ['chapter I, article 2, point 1', 'chapter II, article 5, point 1f'], 'percentage': ['50', '50']}";"0.69";"0.82";"0.55";"0.16";"1.00";"1.00";"gemma"
"12";"grafo2";"Can a business use facial recognition to identify 'suspicious' customers?";"Highly problematic. It involves biometric data and raises risks of discrimination, requiring strong legal basis.";"{'answer': ""The processing of biometric data for the purpose of uniquely identifying a natural person is prohibited. Since facial recognition technology involves the processing of 'biometric data'—defined as personal data resulting from specific technical processing relating to physical, physiological, or behavioural characteristics (such as facial images) that allow or confirm unique identification—a business cannot use this technology to identify customers, regardless of whether they are deemed 'suspicious'. This prohibition is established in chapter II, article 9, point 1."", 'full_answer': ""According to the provided legal framework, the use of facial recognition to identify 'suspicious' customers is prohibited. Chapter I, Article 4, point 14 defines 'biometric data' as personal data resulting from specific technical processing relating to physical, physiological, or behavioural characteristics of a natural person, explicitly citing 'facial images' as an example, which allow or confirm the unique identification of that person. Chapter II, Article 9, point 1 explicitly states that the processing of biometric data for the purpose of uniquely identifying a natural person shall be prohibited. Therefore, any business controller attempting to use facial recognition technology to identify specific individuals (customers) on their premises would be in violation of this prohibition, as the intent is the unique identification of the data subject."", 'key_snippet': 'processing of genetic data, biometric data for the purpose of uniquely identifying a natural person... shall be prohibited.', 'chunks': ['chapter II, article 9, point 1', 'chapter I, article 4, point 14'], 'percentage': ['70', '30']}";"0.92";"0.76";"0.55";"0.34";"1.00";"1.00";"gemma"
"13";"grafo2";"Can my employer monitor my work cell phone, including WhatsApp?";"Monitoring may be allowed if proportionate and transparent, but cannot excessively interfere with privacy.";"{'answer': ""Member States may establish more specific rules via law or collective agreements to ensure the protection of rights and freedoms regarding the processing of employees' personal data in the employment context. This includes processing for the performance of the employment contract, management, organization of work, and protection of employer's property (chapter IX, article 88, point 1). Any such rules must include suitable and specific measures to safeguard the data subject's human dignity, legitimate interests, and fundamental rights, specifically regarding monitoring systems at the workplace (chapter IX, article 88, point 2)."", 'full_answer': ""According to the provided text, the legality of monitoring employees in the workplace is governed by the ability of Member States to implement specific rules through law or collective agreements. Under chapter IX, article 88, point 1, these rules are intended to protect the rights and freedoms of employees during the processing of personal data for various employment-related purposes, such as the performance of the employment contract, management, planning, organization of work, and the protection of the employer's or customer's property. Furthermore, chapter IX, article 88, point 2 explicitly mandates that these rules must incorporate suitable and specific measures to safeguard the employee's human dignity, fundamental rights, and legitimate interests. This is particularly relevant concerning the transparency of processing and the implementation of monitoring systems at the workplace. While the text does not explicitly mention 'WhatsApp' or 'cell phones', it provides the general legal framework for 'monitoring systems at the work place' and the processing of personal data in the employment context."", 'key_snippet': 'Member States may, by law or by collective agreements, provide for more specific rules', 'chunks': ['chapter IX, article 88, point 1', 'chapter IX, article 88, point 2'], 'percentage': ['60', '40']}";"0.98";"0.95";"0.54";"0.49";"1.00";"1.00";"gemma"
"14";"grafo2";"Can I request to see security camera footage from a business where an incident involving me occurred?";"Yes, under Article 15 GDPR, subject to rights of others.";"{'answer': 'The data subject shall have the right to obtain from the controller confirmation as to whether or not personal data concerning him or her are being processed, and, where that is the case, access to the personal data (chapter III, article 15, point 1). Furthermore, the controller shall provide a copy of the personal data undergoing processing (chapter III, article 15, point 3). The controller must provide information on the action taken on such a request without undue delay and, in any event, within one month of receipt (chapter III, article 12, point 3).', 'full_answer': 'Based on the provided text, an individual (data subject) has the explicit right to request access to their personal data from the controller (the business). According to chapter III, article 15, point 1, the data subject is entitled to confirmation of whether their data is being processed and, if so, access to that data. Chapter III, article 15, point 3 further mandates that the controller provide a copy of the personal data undergoing processing, although the controller may charge a reasonable fee for additional copies based on administrative costs. Regarding the timeline for this request, chapter III, article 12, point 3 stipulates that the controller must respond without undue delay and within one month, with a possible extension of two further months for complex requests, provided the data subject is informed of the delay and the reasons for it within the first month.', 'key_snippet': 'The data subject shall have the right to obtain from the controller... access to the personal data', 'chunks': ['chapter III, article 15, point 1', 'chapter III, article 15, point 3', 'chapter III, article 12, point 3'], 'percentage': ['40', '30', '30']}";"0.61";"1.00";"0.54";"0.17";"1.00";"1.00";"gemma"
"15";"grafo2";"Can a pharmacy sell my medication purchase history to laboratories?";"No. This is sensitive health data and cannot be used for commercial purposes without explicit consent.";"{'answer': 'The sale of medication purchase history to laboratories is generally prohibited unless specific conditions are met. Processing such personal data is permitted if the data subject has given explicit consent to the processing for one or more specified purposes (Article 9, point 2a). Additionally, processing may occur if it is necessary for reasons of public interest in the area of public health, such as ensuring high standards of quality and safety of medicinal products, provided it is based on Union or Member State law and includes specific measures to safeguard the rights and freedoms of the data subject, particularly professional secrecy (Article 9, point 2i).', 'full_answer': ""Based on the provided text, the processing of sensitive personal data, such as medication purchase history, is restricted. According to Article 9, point 2a, such processing is allowed if the data subject provides explicit consent for specified purposes, unless Union or Member State law prohibits the lifting of this restriction. Furthermore, Article 9, point 2i allows processing when it is necessary for public interest within the public health sector, specifically for ensuring the quality and safety of medicinal products. However, this requires a legal basis in Union or Member State law and the implementation of suitable and specific safeguards to protect the data subject's rights and freedoms, with a particular emphasis on professional secrecy. Without explicit consent or a specific public health legal mandate, the commercial sale of this history to laboratories is not supported by the provided evidence."", 'key_snippet': 'the data subject has given explicit consent to the processing of those personal data', 'chunks': ['chapter II, article 9, point 2a', 'chapter II, article 9, point 2i'], 'percentage': ['50', '50']}";"0.74";"0.93";"0.55";"0.61";"1.00";"1.00";"gemma"
"16";"grafo2";"Can my company require an HIV test as a condition of employment?";"Generally no. It is sensitive health data and usually disproportionate and discriminatory.";"{'answer': ""I could not find sufficient evidence in the graph to determine if a company can specifically require an HIV test as a condition of employment. The provided text mentions that processing of employees' personal data in the employment context may be subject to more specific rules provided by law or collective agreements (chapter IX, article 88, point 1) and that processing may be necessary for preventive or occupational medicine or assessment of working capacity (chapter II, article 9, point 2h), but it does not explicitly mention HIV tests or mandate/prohibit them."", 'full_answer': 'The provided legal evidence does not contain a specific rule regarding the requirement of HIV tests for employment. It does establish general frameworks for processing personal data in the employment context. According to chapter IX, article 88, point 1, Member States may implement more specific rules via law or collective agreements to protect rights and freedoms regarding data processing for recruitment, performance of contracts, and health and safety at work. Additionally, chapter II, article 9, point 2h allows processing if it is necessary for preventive or occupational medicine, medical diagnosis, or assessment of working capacity, provided it is based on Union or Member State law or a contract with a health professional and adheres to specific conditions and safeguards. However, there is no explicit mention of HIV testing as a permissible or prohibited condition of employment within these excerpts.', 'key_snippet': 'Member States may, by law or by collective agreements, provide for more specific rules', 'chunks': ['chapter IX, article 88, point 1', 'chapter II, article 9, point 2h'], 'percentage': ['50', '50']}";"0.60";"0.98";"0.55";"0.32";"1.00";"0.75";"gemma"
"17";"grafo2";"Can a bank share my credit score with other banks without my authorization?";"Possibly, under legitimate interest or legal obligation, but must meet GDPR principles.";"{'answer': 'I could not find sufficient evidence in the graph to determine if a bank can share a credit score with other banks without authorization. The provided text mentions conditions for data transfers to third countries or international organisations (Article 49), requirements for contracts between data subjects and controllers (Article 22 and Article 49), and cooperation between supervisory authorities (Article 57), but it does not explicitly address the sharing of credit scores between banks.', 'full_answer': ""The provided legal context does not contain specific rules regarding the sharing of credit scores between banking institutions. While Article 49 (9.073) discusses transfers to third countries or international organisations based on compelling legitimate interests of the controller and the necessity of informing the data subject, and Article 22 (5.491) mentions processing necessary for the performance of a contract, there is no explicit provision governing the exchange of credit score data between two controllers (banks) within the same or different jurisdictions without the data subject's authorization. Therefore, based strictly on the provided evidence, a definitive answer cannot be formulated."", 'key_snippet': 'I could not find sufficient evidence in the graph.', 'chunks': [], 'percentage': []}";"0.84";"0.83";"0.55";"0.13";"1.00";"1.00";"gemma"
"18";"grafo2";"Can I demand that an e-commerce site delete all my data after a purchase?";"Yes, except where retention is required by law, such as tax obligations.";"{'answer': 'The data subject has the right to request from the controller the erasure of personal data (chapter III, article 15, point 1e; chapter III, article 13, point 2b; chapter III, article 14, point 2c). Furthermore, the controller shall facilitate the exercise of these data subject rights (chapter III, article 12, point 2). In the context of service provision, the controller may delete or return all personal data after the end of the provision of services relating to processing, including deleting existing copies, unless Union or Member State law requires storage of the personal data (chapter IV, article 28, point 3g).', 'full_answer': 'Based on the provided evidence, a data subject possesses the explicit right to request the erasure of their personal data from a controller (chapter III, article 15, point 1e; chapter III, article 13, point 2b; chapter III, article 14, point 2c). The controller is obligated to facilitate the exercise of these rights (chapter III, article 12, point 2). Regarding the end of a service relationship (such as after a purchase), chapter IV, article 28, point 3g specifies that the controller, at its choice, deletes or returns all personal data to the controller after the end of the provision of services relating to processing, and must delete existing copies. However, an important legal exception exists: this deletion is mandatory unless Union or Member State law requires the storage of the personal data. Additionally, data subjects may contact the data protection officer for issues related to the exercise of these rights (chapter IV, article 38, point 4), and supervisory authorities may order controllers to comply with these requests (chapter VI, article 58, point 2c).', 'key_snippet': 'the existence of the right to request from the controller rectification or erasure of personal data', 'chunks': ['chapter III, article 15, point 1e', 'chapter IV, article 28, point 3g', 'chapter III, article 12, point 2'], 'percentage': ['40', '40', '20']}";"0.67";"0.97";"0.54";"0.27";"1.00";"1.00";"gemma"
"19";"grafo2";"Can a delivery app sell my home address to advertisers?";"No, unless there is explicit consent for that purpose.";"{'answer': 'I could not find sufficient evidence in the graph to determine if a delivery app can sell a home address to advertisers. The provided text discusses general data protection obligations, such as the requirement for explicit consent for processing certain personal data (chapter II, article 9, point 2a), the role of representatives (chapter IV, article 27, point 4), and conditions for data transfers to third countries (chapter V, article 49, point text_2), but it does not explicitly address the sale of home addresses for advertising purposes by digital platforms.', 'full_answer': ""After analyzing the provided legal context, there is no specific rule or provision that explicitly permits or prohibits a delivery app from selling a user's home address to advertisers. The available evidence focuses on general data processing frameworks: Article 9 (chapter II) mentions that processing may occur if the data subject has given 'explicit consent to the processing of those personal data for one or more specified purposes'. Article 49 (chapter V) outlines strict conditions for data transfers to third countries or international organizations, requiring that such transfers be non-repetitive, limited in scope, and necessary for compelling legitimate interests not overridden by the data subject's rights. However, none of these provisions specifically address the commercial sale of address data for advertising by a delivery service. Therefore, based strictly on the provided graph, there is insufficient information to provide a definitive answer."", 'key_snippet': 'the data subject has given explicit consent to the processing of those personal data', 'chunks': ['chapter II, article 9, point 2a'], 'percentage': ['100']}";"0.62";"0.75";"0.68";"0.29";"1.00";"1.00";"gemma"
"20";"grafo2";"Can a website use cookies to track my browsing without notifying me?";"No. Consent is required for non-essential cookies under GDPR and ePrivacy rules.";"{'answer': ""A website cannot collect personal data from a data subject without providing specific information. According to Chapter III, Article 13, point 1, when personal data relating to a data subject are collected from them, the controller shall provide the data subject with all required information at the time the personal data are obtained. Since 'personal data' includes online identifiers (Chapter I, Article 4, point 1), which encompasses cookies used for tracking, the controller must notify the user at the moment of collection."", 'full_answer': ""Based on the provided text, the collection of personal data is subject to strict transparency requirements. Chapter I, Article 4, point 1 defines 'personal data' as any information relating to an identified or identifiable natural person, explicitly mentioning 'an online identifier' as a means of identification. Cookies used for tracking browsing typically function as such online identifiers. Consequently, Chapter III, Article 13, point 1 establishes a mandatory obligation for the controller: where personal data are collected from the data subject, the controller shall, at the time when personal data are obtained, provide the data subject with all necessary information. Therefore, tracking a user via cookies without notification would violate the requirement to provide information at the time of data collection. Additionally, Chapter III, Article 21, point 5 notes that in the context of information society services, data subjects may exercise their right to object by automated means using technical specifications."", 'key_snippet': 'Where personal data relating to a data subject are collected from the data subject, the controller shall, at the time when personal data are obtained, provide the data subject with all of the following information', 'chunks': ['chapter III, article 13, point 1', 'chapter I, article 4, point 1'], 'percentage': ['70', '30']}";"0.80";"0.93";"0.54";"0.24";"1.00";"1.00";"gemma"
"21";"grafo2";"Can I ask Google to remove search results with my name?";"Yes, under the right to be forgotten, subject to balancing with public interest.";"{'answer': 'The data subject shall have the right to obtain from the controller the erasure of personal data concerning him or her without undue delay (chapter III, article 17, point 1). If the controller has made the personal data public and is obliged to erase it, the controller shall take reasonable steps, including technical measures, to inform other controllers processing the data that the data subject has requested the erasure of any links to, or copy or replication of, those personal data (chapter III, article 17, point 2). Additionally, the data subject has the right to request from the controller the erasure of personal data or restriction of processing (chapter III, article 15, point 1e; chapter III, article 13, point 2b; chapter III, article 14, point 2c).', 'full_answer': ""Under the provided legal framework, a data subject possesses the explicit right to request the erasure of personal data from a controller. According to chapter III, article 17, point 1, the data subject shall have the right to obtain the erasure of personal data concerning them without undue delay, and the controller is obligated to comply when specific grounds apply. In the context of public data (such as search engine results), chapter III, article 17, point 2 specifies that if the controller is obliged to erase the data, they must take reasonable steps, considering available technology and implementation costs, to inform other controllers processing that data about the request to erase links to, or copies/replications of, said personal data. This right is further reinforced in chapter III, articles 13(2b), 14(2c), and 15(1e), which establish the existence of the right to request from the controller the erasure of personal data or the restriction of processing. Furthermore, chapter VI, article 58, point 2c allows for orders to be issued to the controller to comply with the data subject's requests to exercise these rights."", 'key_snippet': 'The data subject shall have the right to obtain from the controller the erasure of personal data', 'chunks': ['chapter III, article 17, point 1', 'chapter III, article 17, point 2', 'chapter III, article 15, point 1e', 'chapter III, article 13, point 2b', 'chapter III, article 14, point 2c'], 'percentage': ['30', '30', '20', '10', '10']}";"0.74";"0.99";"0.55";"0.33";"1.00";"1.00";"gemma"
"22";"grafo2";"Can a company monitor my corporate email?";"Yes, if necessary, proportionate, and transparent.";"{'answer': ""The provided text does not explicitly state whether a company can monitor corporate email, but it establishes that rules regarding monitoring systems at the work place shall include suitable and specific measures to safeguard the data subject's human dignity, legitimate interests, and fundamental rights, with particular regard to the transparency of processing (chapter IX, article 88, point 2)."", 'full_answer': ""Based on the provided evidence, there is no direct 'yes' or 'no' answer regarding the legality of corporate email monitoring. However, chapter IX, article 88, point 2 specifies that rules governing monitoring systems at the work place must incorporate suitable and specific measures to protect the data subject's human dignity, legitimate interests, and fundamental rights. A key requirement mentioned in this context is the transparency of processing. Other provisions in the text discuss monitoring in different contexts, such as the monitoring of compliance with regulations by data protection officers (chapter V, article 47, point 2h) or the monitoring of publicly accessible areas (chapter IV, article 35, point 3c), but these do not specifically authorize or prohibit the monitoring of corporate emails."", 'key_snippet': ""suitable and specific measures to safeguard the data subject's human dignity... and monitoring systems at the work place."", 'chunks': ['chapter IX, article 88, point 2'], 'percentage': ['100']}";"0.72";"0.84";"0.54";"0.33";"0.83";"1.00";"gemma"
"23";"grafo2";"Can I ask the company for a copy of all the data it has about me?";"Yes, under Article 15 GDPR, you have the right of access.";"{'answer': 'The controller shall provide a copy of the personal data undergoing processing (chapter III, article 15, point 3). If the request is made by electronic means, the information shall be provided in a commonly used electronic form, unless the data subject requests otherwise. For any further copies requested by the data subject, the controller may charge a reasonable fee based on administrative costs.', 'full_answer': 'According to chapter III, article 15, point 3, the controller is obligated to provide the data subject with a copy of the personal data that is being processed. There are specific conditions regarding the format and cost: if the request is submitted electronically, the response must also be in a commonly used electronic form unless specified otherwise by the data subject. While the initial copy is a right, the controller may charge a reasonable fee for any additional copies requested, provided the fee is based on administrative costs. Furthermore, chapter III, article 12, point 2 establishes that the controller shall facilitate the exercise of these rights, and point 3 specifies that information on the action taken must be provided without undue delay and within one month of receipt, with a possible extension of two further months for complex requests.', 'key_snippet': 'The controller shall provide a copy of the personal data undergoing processing.', 'chunks': ['chapter III, article 15, point 3', 'chapter III, article 12, point 2', 'chapter III, article 12, point 3'], 'percentage': ['60', '20', '20']}";"0.60";"0.99";"0.54";"0.31";"1.00";"1.00";"gemma"
"24";"grafo2";"Does the company have a deadline to respond to my request for access to my data?";"Yes, one month under Article 12 GDPR, extendable in complex cases.";"{'answer': 'The controller shall provide information on action taken on a request under Articles 15 to 22 to the data subject without undue delay and in any event within one month of receipt of the request. This period may be extended by two further months where necessary, considering the complexity and number of requests. In case of extension, the controller shall inform the data subject within one month of receipt of the request, providing the reasons for the delay. (chapter III, article 12, point 3)', 'full_answer': 'According to chapter III, article 12, point 3, the controller is obligated to respond to requests for exercising data subject rights (specifically those under Articles 15 to 22, which include the right of access provided in article 15) without undue delay and no later than one month after receiving the request. There is a provision for extension: the deadline may be extended by an additional two months if the complexity or the volume of requests justifies it. If such an extension is applied, the controller must notify the data subject of the extension and the reasons for the delay within the initial one-month window. Additionally, if the request was made electronically, the response should also be provided by electronic means unless the data subject requests otherwise.', 'key_snippet': 'The controller shall provide information on action taken on a request... within one month of receipt', 'chunks': ['chapter III, article 12, point 3'], 'percentage': ['100']}";"0.91";"0.99";"0.54";"0.43";"1.00";"1.00";"gemma"
"25";"grafo2";"Can I sue for moral damages if my data is leaked from a company?";"Yes, Article 82 GDPR allows compensation for damages.";"{'answer': ""The provided text establishes that where a controller and a processor are responsible for damage caused by processing, each shall be held liable for the entire damage to ensure effective compensation of the data subject (chapter VIII, article 82, point 4). While the text mentions the need to mitigate damage suffered by data subjects (chapter VIII, article 83, point 2c) and the communication of breaches likely to result in a high risk to rights and freedoms (chapter IV, article 34, point 1), it does not explicitly use the term 'moral damages'. However, it confirms the liability of controllers and processors for damage caused by processing to ensure compensation."", 'full_answer': ""Based on the provided evidence, the legal framework addresses liability for damages resulting from data processing. According to chapter VIII, article 82, point 4, if multiple controllers or processors are involved in the same processing and are responsible for damage caused, each shall be held liable for the entire damage to ensure the data subject receives effective compensation. Additionally, chapter VIII, article 83, point 2c, references actions taken by the controller or processor to mitigate the damage suffered by data subjects. The text also mandates that controllers communicate personal data breaches to the data subject when the breach is likely to result in a high risk to the rights and freedoms of natural persons (chapter IV, article 34, point 1). Although the specific term 'moral damages' is not explicitly mentioned, the rules establish a clear mechanism for liability and compensation for damages caused by processing and data breaches."", 'key_snippet': 'each controller or processor shall be held liable for the entire damage in order to ensure effective compensation of the data subject', 'chunks': ['chapter VIII, article 82, point 4', 'chapter VIII, article 83, point 2c', 'chapter IV, article 34, point 1'], 'percentage': ['60', '20', '20']}";"0.57";"0.97";"0.58";"0.49";"1.00";"1.00";"gemma"
"26";"grafo2";"Can a company claim it was hacked to avoid responsibility for the leak?";"No. Organizations must demonstrate adequate security measures under Article 32 GDPR.";"{'answer': ""The provided text does not explicitly state whether a company can claim it was hacked to avoid responsibility for a leak. However, it defines a 'personal data breach' as a breach of security leading to accidental or unlawful destruction, loss, alteration, unauthorised disclosure of, or access to personal data (chapter I, article 4, point 12). Regarding liability, a controller or processor established in a Member State who accepts liability for breaches of binding corporate rules shall be exempt from that liability, in whole or in part, only if it proves that the member concerned is not responsible for the event giving rise to the damage (chapter V, article 47, point 2f)."", 'full_answer': ""Based on the provided evidence, there is no specific rule that explicitly permits or prohibits the use of a 'hacking' claim as a general defense to avoid all responsibility for a data leak. However, the documents provide a framework for understanding breaches and liability. First, a 'personal data breach' is broadly defined in chapter I, article 4, point 12, to include any security breach resulting in unauthorized access or disclosure, which would encompass hacking incidents. Second, in the specific context of binding corporate rules, chapter V, article 47, point 2f, establishes a burden of proof for exemption from liability: a controller or processor may be exempt from liability 'in whole or in part, only if it proves that that member is not responsible for the event giving rise to the damage'. This suggests that liability is not automatically waived by the occurrence of an event, but requires proof of non-responsibility. Additionally, the regulations mandate that controllers must notify supervisory authorities and data subjects of such breaches (chapter IV, articles 33 and 34), regardless of whether the breach was caused by a cyberattack."", 'key_snippet': 'the controller or the processor shall be exempt from that liability... only if it proves that that member is not responsible', 'chunks': ['chapter I, article 4, point 12', 'chapter V, article 47, point 2f'], 'percentage': ['40', '60']}";"0.89";"0.97";"0.54";"0.30";"1.00";"1.00";"gemma"
